Country,Ecoinvent_name,Domestic_production,Apparent_consumption,Domestic_production_ratio,Mineral,Year
Argentina,AR,78079445.66929883,78829314.74233891,0.9904874338246996,aluminium,2000
Australia,AU,368215636.095169,369475117.84055513,0.9965911595001381,aluminium,2000
Bahrain,BH,316512488.310378,317067919.60116243,0.9982482261482553,aluminium,2000
Bosnia Herzegovina,BA,15367154.507673424,16646525.262729708,0.9231448764913902,aluminium,2000
Brazil,BR,490572041.3584987,491975409.90447605,0.9971474823380911,aluminium,2000
Cameroon,CM,18112727.586703163,18116361.544979367,0.9997994101482695,aluminium,2000
Canada,CA,719657027.3442143,784410212.7471775,0.9174498440348153,aluminium,2000
China,CN,2637569321.9420795,3080320441.5609636,0.8562645906428753,aluminium,2000
Croatia,HR,14384431.451028977,39399462.152670465,0.3650920765184611,aluminium,2000
Egypt,EG,127658515.46361732,128501710.10614614,0.9934382613131583,aluminium,2000
France,FR,363655060.8189144,733453426.1153873,0.49581206913839404,aluminium,2000
Germany,DE,532172717.0008004,1447605247.0503259,0.3676228157401114,aluminium,2000
Ghana,GH,24824131.707190674,24828979.3280951,0.9998047595577583,aluminium,2000
Greece,GR,124156698.60157487,231249253.19681248,0.5368955656514364,aluminium,2000
Hungary,HU,31395409.22795608,129619402.90010807,0.24221226549046157,aluminium,2000
Iceland,IS,15722186.11594237,15815742.312109794,0.9940846155481561,aluminium,2000
India,IN,497286190.7455241,527648363.270575,0.9424575633346912,aluminium,2000
Indonesia,ID,61455806.725793295,103412673.90548736,0.5942773202244052,aluminium,2000
Iran,IR,103962899.43368784,106083858.77412532,0.9800067666754708,aluminium,2000
Italy,IT,181440992.26096705,759410544.9552618,0.23892345644430846,aluminium,2000
Japan,JP,6501646.387025779,2800182007.207555,0.002321865639551574,aluminium,2000
Mexico,MX,59483951.802993946,287812900.4673973,0.2066757664663198,aluminium,2000
Mozambique,MZ,36711419.22589265,36775560.496082745,0.9982558723966443,aluminium,2000
Netherlands,NL,152980866.90141195,598227377.2524124,0.25572361399445637,aluminium,2000
New Zealand,NZ,46586669.06735228,47915459.55595509,0.9722680216173015,aluminium,2000
Norway,NO,76761751.64789008,77487197.86723925,0.990637857100058,aluminium,2000
Poland,PL,32597577.421706423,86574322.96202436,0.3765270845491368,aluminium,2000
Romania,RO,105924357.44788365,106066489.44384576,0.9986599726576474,aluminium,2000
Russian Federation,RU,59183586.82503478,61406550.12604233,0.96379924785801,aluminium,2000
Serbia and Montenegro,ME,6938180.28797317,7014441.551862501,0.9891279635983165,aluminium,2000
Slovakia,SK,28629981.198013537,35578955.79767593,0.8046886300098692,aluminium,2000
Slovenia,SI,40464899.48698188,55635776.76465896,0.7273179568993824,aluminium,2000
South Africa,ZA,168612853.81565586,170547526.19580102,0.9886561099811907,aluminium,2000
Spain,ES,319543910.23148024,504564431.2685041,0.6333064529105399,aluminium,2000
Sweden,SE,76437885.04290162,155028050.10733554,0.493058417428194,aluminium,2000
Switzerland,CH,31931918.136393122,330990185.5919631,0.09647391229828801,aluminium,2000
Tajikistan,TJ,139762265.0,139762265.0,1.0,aluminium,2000
Turkey,TR,56088534.1432705,170371387.6996513,0.32921334327656765,aluminium,2000
United Kingdom,GB,165532419.948528,351432882.1900557,0.4710214335009428,aluminium,2000
USA,US,3474938724.6430526,5768160888.408812,0.6024344313325212,aluminium,2000
Venezuela,VE,198513075.58237216,198645751.86164713,0.9993320960653245,aluminium,2000
Australia,AU,7111724021.4154625,7113849800.825734,0.99970117735547,alumina,2000
Brazil,BR,2623875476.412861,2626755600.2051044,0.9989035432942377,alumina,2000
Canada,CA,1011327901.4638579,4697384417.667122,0.21529596293209427,alumina,2000
China,CN,4302489122.492499,6030658587.687558,0.7134360302333544,alumina,2000
France,FR,152752043.62660587,546821600.5020522,0.27934529924633544,alumina,2000
Germany,DE,526547418.8284648,770492527.2702975,0.6833906886727611,alumina,2000
Greece,GR,417829594.66562104,418207572.92148423,0.9990961946164132,alumina,2000
Guinea,GN,48683768.0,48683768.0,1.0,alumina,2000
Hungary,HU,202286818.63065535,203661301.00781423,0.9932511362229482,alumina,2000
India,IN,2029166604.2219615,2034853363.369455,0.9972053223834876,alumina,2000
Italy,IT,457965087.0799354,564443437.0047004,0.8113569173736741,alumina,2000
Japan,JP,257231911.95942286,287276337.2150875,0.89541628960143,alumina,2000
Kazakhstan,KZ,222388159.1424165,222410471.48537114,0.9998996794404256,alumina,2000
Romania,RO,282886449.7187162,374847925.8352857,0.7546699080389766,alumina,2000
Russian Federation,RU,2843437581.6823545,6212228216.117389,0.45771621433758086,alumina,2000
Serbia and Montenegro,ME,185999950.83762798,187641386.90043184,0.9912522706748332,alumina,2000
Slovakia,SK,109896416.77987608,321073944.80224067,0.34227759230841565,alumina,2000
Slovenia,SI,68330071.23664539,223147865.43684256,0.3062098358094526,alumina,2000
Spain,ES,938025266.771902,982695350.4288244,0.9545433041507426,alumina,2000
Suriname,SR,567592551.683944,567605472.3997196,0.9999772364496047,alumina,2000
Turkey,TR,138411706.62842888,144275476.56791592,0.9593571265264423,alumina,2000
Ukraine,UA,305806631.32179517,309578888.8713701,0.987814874705031,alumina,2000
United Kingdom,GB,76958964.2363021,719620750.9912856,0.10694378133244527,alumina,2000
USA,US,3892873961.4828095,5678762133.953401,0.6855145310995261,alumina,2000
Venezuela,VE,1270515742.7518501,1276393748.0392447,0.9953948338461982,alumina,2000
Argentina,AR,69494852.5036317,70193921.1317227,0.9900408950401963,aluminium,2001
Australia,AU,312258362.82030123,313696659.8188298,0.9954150069708769,aluminium,2001
Bahrain,BH,313806984.9891367,314008987.76137364,0.9993566974828426,aluminium,2001
Bosnia Herzegovina,BA,5255601.7371049635,5367413.136370809,0.9791684753110981,aluminium,2001
Brazil,BR,538470368.36838,542504976.8536633,0.9925630018941344,aluminium,2001
Cameroon,CM,24176307.3529356,24177313.931272797,0.9999583668251958,aluminium,2001
Canada,CA,664777282.3977221,696149161.2345694,0.9549351193913506,aluminium,2001
China,CN,2882441797.0289845,3104172381.38328,0.9285701445950344,aluminium,2001
Croatia,HR,14212025.603053791,47873683.691693254,0.29686509387034643,aluminium,2001
Egypt,EG,124887609.96339919,126163361.83837731,0.9898880954312834,aluminium,2001
France,FR,385022035.2609524,744912257.2261373,0.5168689755417316,aluminium,2001
Germany,DE,543813884.8732754,1649389532.342199,0.32970615746605225,aluminium,2001
Ghana,GH,20931556.623419046,20933052.955966868,0.99992851818839,aluminium,2001
Greece,GR,118581549.96661489,178747770.7095999,0.6634015601753532,aluminium,2001
Hungary,HU,32422225.66576932,191818072.75263494,0.16902591711251538,aluminium,2001
India,IN,520101677.691636,565148423.253156,0.9202921857196062,aluminium,2001
Indonesia,ID,84483893.6634483,131748201.28967339,0.6412527293461445,aluminium,2001
Iran,IR,122355480.38249056,131731523.90841058,0.9288246028912645,aluminium,2001
Italy,IT,171636464.47448304,799368776.6964593,0.21471499698024582,aluminium,2001
Japan,JP,6554226.963433884,2468855902.333213,0.0026547628629276245,aluminium,2001
Mexico,MX,50003426.329909675,249237709.494766,0.2006254448063757,aluminium,2001
Netherlands,NL,143275666.60184437,557790166.4346893,0.2568630198657693,aluminium,2001
New Zealand,NZ,32415052.06655445,32784115.019043505,0.9887426287921857,aluminium,2001
Norway,NO,216221528.366092,231372652.58585307,0.9345163568363417,aluminium,2001
Poland,PL,35932792.40883222,115508306.91877162,0.31108405418928936,aluminium,2001
Romania,RO,108676790.7982567,108928617.41429596,0.9976881500746358,aluminium,2001
Russian Federation,RU,716517615.4206967,728008231.9549218,0.9842163645548769,aluminium,2001
Serbia and Montenegro,ME,41192658.60186895,42603786.31097542,0.9668778803178125,aluminium,2001
Slovakia,SK,31901079.58580184,42749206.29202936,0.746237938732206,aluminium,2001
Slovenia,SI,46228816.292954385,107975211.4155494,0.42814286433799953,aluminium,2001
South Africa,ZA,203831947.24571025,205552063.6426361,0.9916317240194856,aluminium,2001
Spain,ES,336951390.102615,551101175.3038365,0.6114147550435632,aluminium,2001
Sweden,SE,71760613.9980252,136887928.90970203,0.5242289409270119,aluminium,2001
Switzerland,CH,33137192.62443985,146960704.86910313,0.2254833538935113,aluminium,2001
Tajikistan,TJ,184635368.0,184635368.0,1.0,aluminium,2001
Turkey,TR,58601614.72013472,178774449.1450705,0.3277963657579565,aluminium,2001
United Arab Emirates,AE,2377269.2690036106,2477065.7318791416,0.9597118229075723,aluminium,2001
United Kingdom,GB,223648696.8561875,483165631.954105,0.46288204720122034,aluminium,2001
USA,US,2521162111.714919,4913955229.804891,0.513061677164491,aluminium,2001
Venezuela,VE,170523491.064754,170643548.7114314,0.9992964419247959,aluminium,2001
Australia,AU,7222095562.713463,7225013086.752463,0.9995961911758541,alumina,2001
Azerbaijan,AZ,14684119.999999998,14684119.999999998,1.0,alumina,2001
Brazil,BR,2361979655.3779383,2365516336.3709893,0.9985049010490129,alumina,2001
Canada,CA,1027816945.689486,4936500611.73138,0.20820760018684561,alumina,2001
China,CN,4611137471.744022,7971277021.36267,0.5784691034305266,alumina,2001
France,FR,120741881.79244518,648852815.4354279,0.18608516279831275,alumina,2001
Germany,DE,587723176.474417,700575177.8340371,0.838915215768101,alumina,2001
Greece,GR,434344428.5023841,434828469.91933393,0.9988868221599206,alumina,2001
Guinea,GN,13441610.0,13441610.0,1.0,alumina,2001
Hungary,HU,157481407.6084602,158663342.97789887,0.9925506714578469,alumina,2001
India,IN,1876512036.6048963,1886446349.622626,0.9947338481056103,alumina,2001
Jamaica,JM,36247352.24123293,36247480.98903477,0.9999964480896789,alumina,2001
Japan,JP,246279171.38261434,295108348.5687474,0.8345381368471927,alumina,2001
Kazakhstan,KZ,37169961.606639385,37183189.64642866,0.9996442467707838,alumina,2001
Romania,RO,178128798.17011955,209562417.75631204,0.8500035458516955,alumina,2001
Russian Federation,RU,3045600300.048849,6692356803.4275255,0.4550863603818955,alumina,2001
Serbia and Montenegro,ME,201000000.0,209504824.4992472,0.9594051138460644,alumina,2001
Slovakia,SK,107794650.39557098,329268450.39955944,0.32737618883547676,alumina,2001
Slovenia,SI,32723460.82282913,189423243.8054822,0.1727531435182933,alumina,2001
Spain,ES,863344096.5439713,910468184.9145172,0.9482419164652411,alumina,2001
Suriname,SR,563924414.8266284,563930212.5317224,0.9999897191089161,alumina,2001
Turkey,TR,109134628.61058637,113989407.85548326,0.9574102599861575,alumina,2001
Ukraine,UA,272786101.7166436,274156951.0876395,0.9949997643118021,alumina,2001
United Kingdom,GB,80710722.8702201,347308371.4147268,0.23238922385156693,alumina,2001
USA,US,3362662644.3345065,4405326069.859524,0.763317536774692,alumina,2001
Venezuela,VE,1220290718.8606577,1224748212.928859,0.9963604812637026,alumina,2001
Argentina,AR,49461819.55005093,49566578.527945094,0.9978864997140139,aluminium,2002
Australia,AU,313038717.6778656,313802800.8333135,0.997565084972413,aluminium,2002
Bahrain,BH,305407573.623385,305496847.430959,0.9997077750283687,aluminium,2002
Bosnia Herzegovina,BA,9239519.83890438,9404093.948472587,0.9824997378301461,aluminium,2002
Brazil,BR,533136382.61062205,536687097.787692,0.9933840124129935,aluminium,2002
Cameroon,CM,27274715.583637476,27284732.65552782,0.9996328689741325,aluminium,2002
Canada,CA,731728221.0959275,769789756.5632566,0.9505559340809422,aluminium,2002
China,CN,3589622108.492949,3730078902.197434,0.9623448196707742,aluminium,2002
Egypt,EG,114139757.02021453,114585943.44715583,0.9961060980647501,aluminium,2002
France,FR,368630834.0042167,687675286.1954318,0.5360536308403189,aluminium,2002
Germany,DE,547024976.1642652,1829945777.6715076,0.2989296091932956,aluminium,2002
Ghana,GH,17579994.418630295,17581885.104271635,0.9998924639974538,aluminium,2002
Greece,GR,133617655.48293208,263673389.41681015,0.506754419846713,aluminium,2002
Hungary,HU,32796249.193224143,155409362.29737082,0.21103136071345285,aluminium,2002
Iceland,IS,3847897.2079916676,3859611.742174724,0.9969648412934778,aluminium,2002
India,IN,532361321.46208596,579691549.1867344,0.918352738122456,aluminium,2002
Indonesia,ID,76339945.04087839,131282601.90213454,0.5814932362308487,aluminium,2002
Iran,IR,126730425.00991376,139230413.08458504,0.9102208504755545,aluminium,2002
Italy,IT,176565559.80705908,827637049.8152757,0.21333694503703962,aluminium,2002
Japan,JP,6371327.62835697,2509618715.197471,0.0025387631952910575,aluminium,2002
Mexico,MX,38306353.71975269,299661092.84924597,0.12783225661872602,aluminium,2002
Netherlands,NL,178655134.4955309,875206506.8862164,0.20412912048739768,aluminium,2002
New Zealand,NZ,89231520.91603476,92060283.40772209,0.9692727158012415,aluminium,2002
Norway,NO,166422071.35857502,183287705.06008586,0.9079827329608284,aluminium,2002
Poland,PL,33307609.578732155,81696135.10904245,0.40770116645390164,aluminium,2002
Romania,RO,99461543.67769045,99964774.30488372,0.994965920438549,aluminium,2002
Russian Federation,RU,522297584.9548194,524890698.3984596,0.9950597077609638,aluminium,2002
Serbia and Montenegro,ME,38738688.03975634,41447448.714736834,0.9346459007978125,aluminium,2002
Slovakia,SK,47387201.72221656,68965313.23905209,0.687116457485808,aluminium,2002
Slovenia,SI,32977985.25355638,45849327.33017182,0.7192686823096471,aluminium,2002
South Africa,ZA,187301226.62912554,189228864.82132804,0.9898131915866927,aluminium,2002
Spain,ES,343550906.3607139,552708371.1715461,0.6215771721215432,aluminium,2002
Sweden,SE,66018282.7152014,128381879.9458212,0.514233649975074,aluminium,2002
Switzerland,CH,38586279.684856854,197767869.30284137,0.19510894171474233,aluminium,2002
Tajikistan,TJ,134801619.0,134801619.0,1.0,aluminium,2002
Turkey,TR,61781334.15906736,319427109.702082,0.19341293297456363,aluminium,2002
United Arab Emirates,AE,96803129.60522817,104138222.91867666,0.9295638709028423,aluminium,2002
United Kingdom,GB,205189772.65837267,352960813.1713161,0.5813386784067159,aluminium,2002
USA,US,2605982302.6946063,5266854023.125432,0.4947891646991531,aluminium,2002
Venezuela,VE,129291736.88865784,129341341.16973963,0.9996164854899974,aluminium,2002
Australia,AU,6596489009.426026,6599002039.949251,0.9996191802172493,alumina,2002
Bosnia Herzegovina,BA,41314042.66438513,41525313.84133322,0.994912231662948,alumina,2002
Brazil,BR,2837899112.1667724,2840702003.4413958,0.9990133103467989,alumina,2002
Canada,CA,1116123744.0906382,5267846065.354681,0.2118747834017223,alumina,2002
China,CN,5134292756.05958,9469364928.951954,0.542200326482489,alumina,2002
France,FR,120224069.73280844,663211072.4971848,0.18127572762036293,alumina,2002
Germany,DE,565580781.410948,675672956.4345622,0.837062925228566,alumina,2002
Greece,GR,445190218.74725604,445428757.6057998,0.9994644736010627,alumina,2002
Guinea,GN,168170660.0,168170660.0,1.0,alumina,2002
Hungary,HU,174925164.35957894,176034009.04347783,0.9937009632972398,alumina,2002
India,IN,1533558311.8371363,1544832181.2368598,0.9927022044616541,alumina,2002
Iran,IR,101000000.0,392733552.80236816,0.2571718135089551,alumina,2002
Italy,IT,576353244.2790735,643490886.6856271,0.8956665217865731,alumina,2002
Japan,JP,227951402.07998934,251006342.3443342,0.9081499692437344,alumina,2002
Kazakhstan,KZ,15517496.660320051,15523111.137595346,0.9996383149469504,alumina,2002
Romania,RO,352019426.39970887,402216826.7722637,0.875198159223267,alumina,2002
Russian Federation,RU,3130531244.939743,6511274077.8082485,0.4807862804622574,alumina,2002
Serbia and Montenegro,ME,236949075.97636566,244061020.67782438,0.9708599731259547,alumina,2002
Slovakia,SK,111986436.12979317,332462333.52189046,0.336839469733252,alumina,2002
Slovenia,SI,28883619.18235954,259024140.8682095,0.11150937161897745,alumina,2002
Spain,ES,1177309837.2962928,1223235822.904156,0.9624553297508671,alumina,2002
Suriname,SR,661041664.012944,661049826.4908289,0.9999876522501666,alumina,2002
Turkey,TR,148808081.51880622,155535314.27025795,0.9567478756640276,alumina,2002
Ukraine,UA,261962260.0482789,264948507.35293454,0.9887289521481331,alumina,2002
United Kingdom,GB,70622081.6613277,618544582.567453,0.1141746022060201,alumina,2002
USA,US,3248511639.8927016,4005776084.6574297,0.8109568710879433,alumina,2002
Venezuela,VE,1302214946.6276078,1304433185.4661257,0.9982994615107671,alumina,2002
Argentina,AR,72114060.76298329,72487308.0434933,0.9948508602321656,aluminium,2003
Australia,AU,331694455.9667487,332852534.6396601,0.9965207455182364,aluminium,2003
Azerbaijan,AZ,865992.1657544583,907265.6780620682,0.9545077993077279,aluminium,2003
Bahrain,BH,329728671.5369148,334797319.98280793,0.9848605465355774,aluminium,2003
Bosnia Herzegovina,BA,40258273.06339949,40629462.12997373,0.990864041827903,aluminium,2003
Brazil,BR,494347985.75996655,496732505.66279906,0.9951995895665197,aluminium,2003
Cameroon,CM,25986789.263588667,25993465.859720774,0.9997431432896199,aluminium,2003
Canada,CA,672527471.4058335,695218217.3184426,0.9673616925630479,aluminium,2003
China,CN,4431130676.596063,4719753647.437094,0.9388478737660898,aluminium,2003
Egypt,EG,145244099.6380275,146824933.8489112,0.9892332033160631,aluminium,2003
France,FR,365056325.6885439,723235411.080231,0.5047544963863045,aluminium,2003
Germany,DE,559230861.6273904,1968766548.1897242,0.28405138341140634,aluminium,2003
Ghana,GH,15178225.951459713,25945912.391188186,0.5849948817608195,aluminium,2003
Greece,GR,128400641.53960373,222217903.96149328,0.5778141151122254,aluminium,2003
Hungary,HU,31868380.766398042,237950235.19266108,0.13392876346852603,aluminium,2003
Iceland,IS,766238.5914477921,768240.7368042553,0.9973938568204652,aluminium,2003
India,IN,673145375.3705075,731454439.586219,0.9202833955745806,aluminium,2003
Indonesia,ID,134673408.10736102,237865846.4174758,0.5661737913857425,aluminium,2003
Iran,IR,134414912.95626795,162123727.79565802,0.8290884670853703,aluminium,2003
Italy,IT,185494513.3195728,942506681.3867956,0.1968097595304448,aluminium,2003
Japan,JP,6410023.878045604,2828867383.69819,0.0022659329719676544,aluminium,2003
Montenegro,ME,116744000.0,116744000.0,1.0,aluminium,2003
Netherlands,NL,79906935.3322915,269605253.1280924,0.2963849346597369,aluminium,2003
New Zealand,NZ,61184092.6101451,64290124.833804876,0.9516872578535333,aluminium,2003
Norway,NO,131801930.35686788,146787637.49175835,0.8979089289060064,aluminium,2003
Poland,PL,33695001.47354958,147011033.02745923,0.22920049454557545,aluminium,2003
Romania,RO,105756602.28663597,121662328.37967065,0.8692633430177514,aluminium,2003
Russian Federation,RU,283734351.3242751,285664042.8210358,0.99324489187472,aluminium,2003
Slovakia,SK,33322672.252355143,42054584.164248586,0.7923671798111225,aluminium,2003
Slovenia,SI,56896745.58627125,107524013.9678087,0.5291538465379967,aluminium,2003
South Africa,ZA,120535788.26573306,121794259.06652583,0.9896672403901619,aluminium,2003
Spain,ES,346793924.8039892,596419003.5004191,0.5814602196922545,aluminium,2003
Sweden,SE,73983473.28889912,148168558.1974579,0.4993196545133719,aluminium,2003
Switzerland,CH,37453290.91412021,185069458.89572626,0.20237423904298835,aluminium,2003
Tajikistan,TJ,120047811.0,120047811.0,1.0,aluminium,2003
Turkey,TR,62052602.61921087,317660311.7953267,0.19534263587574732,aluminium,2003
United Arab Emirates,AE,150302507.11447868,168295324.9452196,0.8930878333275293,aluminium,2003
United Kingdom,GB,219638478.81150132,474312005.78599155,0.46306750858548096,aluminium,2003
USA,US,2623113120.649406,5326763826.662769,0.4924402894529666,aluminium,2003
Venezuela,VE,206810568.1696737,206883527.6131112,0.9996473404901819,aluminium,2003
Australia,AU,6563668404.168408,6565061322.536414,0.9997878285823129,alumina,2003
Azerbaijan,AZ,179938500.0,179938500.0,1.0,alumina,2003
Bosnia Herzegovina,BA,34990628.02278086,59693194.987400316,0.5861744882338175,alumina,2003
Brazil,BR,3247544966.6191206,3250540595.3542967,0.9990784213741377,alumina,2003
Canada,CA,1068509746.5910702,5154634102.518563,0.2072910948361969,alumina,2003
China,CN,6071334845.547628,11799035273.989147,0.5145619709207773,alumina,2003
France,FR,248474356.15398556,899431731.154086,0.2762570493651154,alumina,2003
Germany,DE,725827181.3363662,1465015813.7946374,0.49543982699842104,alumina,2003
Greece,GR,385632239.23297656,385832826.2449405,0.9994801193721226,alumina,2003
Guinea,GN,66523880.00000001,66523880.00000001,1.0,alumina,2003
Hungary,HU,181481763.07777706,192702895.4689187,0.9417697779587774,alumina,2003
India,IN,1474398461.1339233,1479881183.464602,0.9962951604548124,alumina,2003
Iran,IR,99391381.7436926,193553482.19275266,0.5135086210679095,alumina,2003
Italy,IT,452064840.9634264,508468230.58903587,0.8890719493718047,alumina,2003
Japan,JP,221940420.23619425,243620938.63707426,0.9110071633326321,alumina,2003
Kazakhstan,KZ,27502923.689812463,27509072.896270495,0.9997764662414753,alumina,2003
Montenegro,ME,239739000.0,239739000.0,1.0,alumina,2003
Romania,RO,231266548.06535432,331779545.2037471,0.6970488428493463,alumina,2003
Russian Federation,RU,3209820408.015225,6932340115.75569,0.4630211955007814,alumina,2003
Slovakia,SK,131834648.28925171,384204083.45401293,0.34313703046581906,alumina,2003
Slovenia,SI,29305109.411389705,274952429.2216074,0.10658247135460018,alumina,2003
Spain,ES,1057986634.49583,1094257742.586844,0.9668532314834086,alumina,2003
Suriname,SR,664991667.0995492,665003384.8211194,0.9999823794557475,alumina,2003
Turkey,TR,147634880.36821306,152661023.89434782,0.9670764455922083,alumina,2003
Ukraine,UA,265054439.76339364,265081082.39971548,0.9998994925021406,alumina,2003
United Kingdom,GB,7972831.612852421,822566047.8168051,0.009692633964182365,alumina,2003
USA,US,3858532785.0977325,4741957322.369411,0.8137004453616089,alumina,2003
Venezuela,VE,1272923177.8916278,1273788407.4876578,0.9993207430755815,alumina,2003
Argentina,AR,112924769.09491494,113883109.1920157,0.9915848794092466,aluminium,2004
Australia,AU,358724715.2442132,360083718.7975704,0.9962258678123651,aluminium,2004
Azerbaijan,AZ,10447533.098820506,10455490.15965421,0.9992389586033558,aluminium,2004
Bahrain,BH,331302278.48275733,338478940.73174137,0.9787973153264155,aluminium,2004
Bosnia Herzegovina,BA,3228696.6961939535,3311539.5541552044,0.9749835819242133,aluminium,2004
Brazil,BR,667752690.9975506,672259463.5772814,0.9932960816114823,aluminium,2004
Cameroon,CM,12618873.067650793,12619220.616403224,0.9999724587783195,aluminium,2004
Canada,CA,718842713.3157971,751525432.9152759,0.9565114922688673,aluminium,2004
China,CN,5137400754.310863,5316566695.246145,0.9663004432737606,aluminium,2004
Egypt,EG,149609303.11085656,152017008.12298426,0.9841616076920826,aluminium,2004
France,FR,379423163.94358844,752631876.7742301,0.5041284798749036,aluminium,2004
Germany,DE,557065277.3643677,1779891363.7032905,0.3129771224943316,aluminium,2004
Greece,GR,119055516.66299735,156165869.6545873,0.7623657904657924,aluminium,2004
Hungary,HU,29378293.60499116,127227446.1262643,0.23091160358461701,aluminium,2004
India,IN,753886786.9828577,803740089.6422926,0.937973353199761,aluminium,2004
Indonesia,ID,144679046.02256,251425365.37059736,0.5754353615408102,aluminium,2004
Iran,IR,146655561.36099258,180515359.67896634,0.812427051203892,aluminium,2004
Italy,IT,181937747.9114459,876054242.0988157,0.20767863354621366,aluminium,2004
Japan,JP,6357222.237516591,2998431937.855336,0.0021201822716922065,aluminium,2004
Montenegro,ME,115080000.0,115080000.0,1.0,aluminium,2004
Netherlands,NL,108637444.5797757,313077279.4332876,0.34699881376388675,aluminium,2004
New Zealand,NZ,56465759.127762064,59950803.812810004,0.9418682575811724,aluminium,2004
Norway,NO,127736622.15542696,139540570.1517932,0.9154084866965512,aluminium,2004
Poland,PL,28852766.983643044,106023960.52259088,0.2721344009545398,aluminium,2004
Romania,RO,155487177.53289533,184668806.1433741,0.8419785711517376,aluminium,2004
Russian Federation,RU,151318562.40201074,152470721.62435272,0.9924434067730027,aluminium,2004
Slovakia,SK,20765553.8624083,24202399.893415723,0.8579956514170969,aluminium,2004
Slovenia,SI,66620319.402265385,105159418.22607665,0.6335173827135664,aluminium,2004
South Africa,ZA,258579667.13973588,259182286.75868154,0.9976749197389915,aluminium,2004
Spain,ES,345821575.9240638,638113884.140062,0.5419433497989179,aluminium,2004
Sweden,SE,72522096.8954416,165169689.8781788,0.4390763035816705,aluminium,2004
Switzerland,CH,23833912.380557816,88575195.59786518,0.26908111486159964,aluminium,2004
Tajikistan,TJ,188631535.0,188631535.0,1.0,aluminium,2004
Turkey,TR,58587604.304038934,353447309.9571083,0.16576050419268626,aluminium,2004
United Arab Emirates,AE,186189713.63694704,212622776.41648516,0.8756809443229117,aluminium,2004
United Kingdom,GB,171394218.1096393,289313433.5546487,0.5924170751554972,aluminium,2004
USA,US,2404132520.3008375,5452058489.704132,0.4409586809901049,aluminium,2004
Venezuela,VE,228097137.39449278,228182404.88443685,0.9996263187339652,aluminium,2004
Australia,AU,7672203976.474477,7675097904.539788,0.9996229457785027,alumina,2004
Azerbaijan,AZ,211469942.3476874,211472211.3223681,0.9999892705776021,alumina,2004
Brazil,BR,3354978362.1903353,3359472671.2798343,0.9986621980503306,alumina,2004
Canada,CA,1155795612.1208148,4918195747.698679,0.23500398752156915,alumina,2004
China,CN,6940894908.422699,12697872068.443819,0.5466187461182491,alumina,2004
France,FR,230082297.5488706,743221455.4886327,0.3095743480623853,alumina,2004
Germany,DE,1087500949.9427087,2051506479.619852,0.5300987156249317,alumina,2004
Greece,GR,398384728.53886425,398525982.70485777,0.9996455584525887,alumina,2004
Guinea,GN,120573039.0,120573039.0,1.0,alumina,2004
Hungary,HU,126794577.55973557,130174358.8457276,0.9740365052229873,alumina,2004
India,IN,1618902865.828833,1638059382.9870172,0.9883053585497908,alumina,2004
Iran,IR,134397892.59481025,404931370.9944849,0.3319028907657558,alumina,2004
Ireland,IE,278010078.5577503,278092762.7522325,0.9997026740514068,alumina,2004
Italy,IT,697763465.4195236,790071211.7327391,0.8831652831511587,alumina,2004
Japan,JP,242783244.5162439,272652849.4143244,0.8904482202836232,alumina,2004
Kazakhstan,KZ,2255631.2986296276,2256481.2247330607,0.9996233400508202,alumina,2004
Montenegro,ME,245005000.0,245005000.0,1.0,alumina,2004
Romania,RO,419166800.1622626,529781491.312115,0.7912069542560048,alumina,2004
Russian Federation,RU,3239750616.1177087,7285994154.967388,0.4446545724867123,alumina,2004
Slovakia,SK,156967995.1804756,436997521.67228526,0.3591965340668215,alumina,2004
Slovenia,SI,28664323.29066058,279946524.5540652,0.10239213841400886,alumina,2004
Spain,ES,1005760278.0301853,1044779762.178347,0.9626529096746603,alumina,2004
Suriname,SR,100505426.90574907,100505878.69876088,0.99999550481009,alumina,2004
Turkey,TR,168399077.84953308,175674776.1165152,0.9585842747159299,alumina,2004
Ukraine,UA,273397289.9695844,273435066.05817187,0.999861846217707,alumina,2004
United Kingdom,GB,7859551.673874699,180351933.41705304,0.043578970987241686,alumina,2004
USA,US,4464153226.229477,4947035815.71167,0.9023895101085444,alumina,2004
Venezuela,VE,1291389315.9865186,1294603843.0983799,0.9975169800947231,alumina,2004
Argentina,AR,102508020.51443706,102893651.56396535,0.9962521395278837,aluminium,2005
Australia,AU,323561599.9278884,325220001.3234897,0.994900678344344,aluminium,2005
Azerbaijan,AZ,14142980.920261458,14143671.94644623,0.9999511423774965,aluminium,2005
Bahrain,BH,493533621.5586595,498765295.69127077,0.9895107494891754,aluminium,2005
Bosnia Herzegovina,BA,11956199.491944712,12308287.384662189,0.9713942418052225,aluminium,2005
Brazil,BR,714455686.4465561,720535605.4359238,0.9915619451093061,aluminium,2005
Cameroon,CM,25380193.6069623,25380193.6069623,1.0,aluminium,2005
Canada,CA,781677799.455226,811208359.3632065,0.9635968249499279,aluminium,2005
China,CN,6540581116.156116,6732527391.221461,0.9714897149448476,aluminium,2005
Egypt,EG,158667117.81112516,161088720.71082222,0.984967272140399,aluminium,2005
France,FR,358997974.59831554,688149346.4050052,0.5216861375714072,aluminium,2005
Germany,DE,534534655.3487019,1723036422.743488,0.3102282971462636,aluminium,2005
Ghana,GH,13392572.718092084,30780588.016816594,0.4350980140722204,aluminium,2005
Greece,GR,111793966.57063554,144597806.45184767,0.773137361581373,aluminium,2005
Hungary,HU,27185887.352422312,125012339.78733534,0.21746563098226596,aluminium,2005
India,IN,819050357.758449,896765161.9944406,0.9133387340079638,aluminium,2005
Indonesia,ID,157181293.77277446,270570873.1385171,0.5809246647635515,aluminium,2005
Iran,IR,125414016.53441331,166519707.5708668,0.7531481910694571,aluminium,2005
Italy,IT,177218173.19873676,837107700.5570757,0.21170295420864266,aluminium,2005
Japan,JP,6429859.605393998,2824299305.310751,0.0022766211758447237,aluminium,2005
Montenegro,ME,116995000.0,116995000.0,1.0,aluminium,2005
Netherlands,NL,137886683.11288312,426945630.2624795,0.3229607550453498,aluminium,2005
New Zealand,NZ,45635297.2164133,48066378.60582045,0.9494224141713733,aluminium,2005
Norway,NO,485122628.41123456,539441557.6084788,0.8993052566471559,aluminium,2005
Poland,PL,38486505.71393448,181499456.02463564,0.21204749896721758,aluminium,2005
Romania,RO,193616907.59874994,195921114.18702754,0.9882391104305481,aluminium,2005
Slovakia,SK,19351200.14820766,22611260.0863212,0.8558213949303193,aluminium,2005
Slovenia,SI,89999425.78685825,146342870.58910435,0.6149901626540799,aluminium,2005
South Africa,ZA,199791018.37934142,201172099.68176806,0.9931348268243392,aluminium,2005
Spain,ES,341388399.94258344,589866609.4692808,0.5787552549376205,aluminium,2005
Sweden,SE,78514735.44745721,178413639.98996663,0.44007137263649015,aluminium,2005
Switzerland,CH,28105067.849782262,124351063.70945817,0.22601389173034137,aluminium,2005
Tajikistan,TJ,126756380.17981416,126756831.61833182,0.9999964385468467,aluminium,2005
Turkey,TR,58018953.98745405,366307276.8790467,0.15838875624251303,aluminium,2005
United Arab Emirates,AE,277399713.1964408,326225284.9875954,0.8503317368762169,aluminium,2005
United Kingdom,GB,152870000.82485116,260870712.24509582,0.5859990932260162,aluminium,2005
USA,US,2353421457.3417645,5691524896.496786,0.4134957678548202,aluminium,2005
Venezuela,VE,203048653.12986058,203141334.94171986,0.9995437570010758,aluminium,2005
Australia,AU,6383680589.348974,6392747013.30193,0.9985817640000314,alumina,2005
Brazil,BR,2988431748.6828184,3008206098.202653,0.9934265310040926,alumina,2005
Canada,CA,1144617392.8524876,5266917055.757766,0.21732208438733583,alumina,2005
China,CN,8568710034.8995905,15213678301.691944,0.5632240846019891,alumina,2005
France,FR,482742588.83357155,1038026785.8484083,0.4650579305032216,alumina,2005
Germany,DE,1124762948.1840582,1950100073.0325186,0.5767719122408865,alumina,2005
Greece,GR,306233731.44069475,306368118.2067291,0.9995613552519075,alumina,2005
Hungary,HU,166005703.11570483,173580552.34020713,0.9563611872276103,alumina,2005
India,IN,1676807987.1340015,1748833261.829541,0.9588152419858539,alumina,2005
Iran,IR,184826059.62677205,398355383.12522256,0.46397279277803105,alumina,2005
Ireland,IE,336776365.38626564,336863609.15428,0.9997410115974432,alumina,2005
Italy,IT,488896648.3451919,597620478.6466268,0.8180721140151501,alumina,2005
Japan,JP,220696654.6000543,256971851.03229937,0.8588359141807888,alumina,2005
Kazakhstan,KZ,15969341.96325238,15971741.942873469,0.9998497358879406,alumina,2005
Montenegro,ME,235196000.0,235196000.0,1.0,alumina,2005
Romania,RO,451712930.0071455,464814379.6321545,0.9718135879630547,alumina,2005
Russian Federation,RU,3242404698.0066967,7421097276.089838,0.4369171535392019,alumina,2005
Spain,ES,429537184.4031772,453484605.3885179,0.9471924279219489,alumina,2005
Suriname,SR,389648060.61761326,389655199.0454576,0.9999816801421826,alumina,2005
Turkey,TR,96954561.67026387,106123156.35041463,0.9136042029330864,alumina,2005
Ukraine,UA,301138731.61999387,301222150.6798227,0.9997230646562992,alumina,2005
USA,US,3980548880.939951,4923922049.887028,0.8084102145831652,alumina,2005
Venezuela,VE,1265943381.5842571,1267586369.8186715,0.9987038451394445,alumina,2005
Argentina,AR,140313345.02221474,142363697.20621923,0.985597787748976,aluminium,2006
Australia,AU,314588446.4135304,315402003.2211305,0.9974205718438963,aluminium,2006
Azerbaijan,AZ,24203131.903988536,24250249.59601712,0.9980570223889027,aluminium,2006
Bahrain,BH,592566494.3209051,592878408.6758696,0.9994738982725629,aluminium,2006
Bosnia Herzegovina,BA,2785667.6528682904,2804482.8418243187,0.9932910308184346,aluminium,2006
Brazil,BR,784917019.0562928,788112600.3072898,0.9959452732391906,aluminium,2006
Cameroon,CM,773542.531693631,773583.7637802843,0.99994669990687,aluminium,2006
Canada,CA,821846365.6762658,852872004.2822777,0.9636221631731,aluminium,2006
China,CN,8035053722.037766,8179033436.96781,0.9823964877953328,aluminium,2006
Egypt,EG,163954212.75511324,166360970.1481053,0.9855329204268922,aluminium,2006
France,FR,344712936.65202,704163869.0482035,0.48953510937440997,aluminium,2006
Germany,DE,426057506.5463787,1801703820.393841,0.23647477555619836,aluminium,2006
Greece,GR,124318096.10789077,263042318.22025487,0.47261633393830843,aluminium,2006
Hungary,HU,29548147.0005429,166081739.28774306,0.17791328009486695,aluminium,2006
Iceland,IS,16783656.642177377,16813955.492418114,0.9981979939072397,aluminium,2006
India,IN,958564390.1333791,1036405314.2884655,0.9248933567959101,aluminium,2006
Indonesia,ID,140006024.30999073,234329483.89579138,0.5974750679357651,aluminium,2006
Iran,IR,108901581.3967222,122645720.79341653,0.8879362499744704,aluminium,2006
Italy,IT,175090743.77533698,955072060.401508,0.18332725983181794,aluminium,2006
Japan,JP,6557703.789875616,2966804504.772981,0.002210359253306247,aluminium,2006
Montenegro,ME,2036020.5918929912,2036558.310088318,0.9997359671988456,aluminium,2006
Netherlands,NL,161165425.39073172,738736080.6898106,0.21816373885547874,aluminium,2006
New Zealand,NZ,43054692.33410317,45227302.71454995,0.9519624153985234,aluminium,2006
Norway,NO,249465577.0970834,278567708.91960657,0.8955294138886646,aluminium,2006
Poland,PL,44922305.687911555,264392880.36481407,0.16990739548631925,aluminium,2006
Romania,RO,162292080.48228136,165680234.62085897,0.9795500401944081,aluminium,2006
Slovakia,SK,51800488.30865357,61758455.72670924,0.8387594491979977,aluminium,2006
Slovenia,SI,50829380.02227412,93085383.39281388,0.5460511432582026,aluminium,2006
South Africa,ZA,278764537.1495574,280910051.14083713,0.9923622740355273,aluminium,2006
Spain,ES,281385927.0324687,539550286.0433767,0.521519373283859,aluminium,2006
Sweden,SE,64246941.579919055,153609763.85694873,0.4182477725813701,aluminium,2006
Switzerland,CH,9230112.649049103,232111753.35876116,0.03976581330107258,aluminium,2006
Tajikistan,TJ,188129825.0,188129825.0,1.0,aluminium,2006
Turkey,TR,52949570.58770037,329555304.0017952,0.1606697569261757,aluminium,2006
Ukraine,UA,5726624.421942607,5825186.745801265,0.9830799718258472,aluminium,2006
United Kingdom,GB,174115382.3853266,318155393.90927994,0.5472652223365244,aluminium,2006
USA,US,2152399358.620221,5274168968.289374,0.40810208614122784,aluminium,2006
Venezuela,VE,167334634.31638315,167403134.11262643,0.999590809356071,aluminium,2006
Australia,AU,7853123771.522419,7856059064.924699,0.9996263656652754,alumina,2006
Azerbaijan,AZ,346922983.29622453,346923484.14258105,0.9999985563204009,alumina,2006
Brazil,BR,3364740522.2128997,3400517183.1663747,0.9894790530303506,alumina,2006
Canada,CA,1268458542.7336159,5861749458.980842,0.21639589880290747,alumina,2006
China,CN,13635450940.144732,20100047538.733746,0.6783790393464777,alumina,2006
France,FR,495846224.1986789,1040054884.8732795,0.476750055607972,alumina,2006
Germany,DE,1200879408.1832652,1841950091.101309,0.6519608831883468,alumina,2006
Greece,GR,440481718.6126762,440732779.57690996,0.9994303555899001,alumina,2006
Guinea,GN,41378285.60223058,41393388.40690346,0.9996351396864538,alumina,2006
Hungary,HU,138575050.21174073,139435651.5059389,0.9938279680633794,alumina,2006
India,IN,2025659821.226943,2158630836.460336,0.9384002984727877,alumina,2006
Iran,IR,247405366.7874792,420559059.61028665,0.5882773444869758,alumina,2006
Ireland,IE,279332219.3138437,279440754.37289506,0.9996115990335951,alumina,2006
Italy,IT,766479535.915229,860999354.2305738,0.8902208023142923,alumina,2006
Jamaica,JM,104656984.28112336,104657480.48420079,0.9999952587901492,alumina,2006
Japan,JP,175376366.93890005,208056295.27958423,0.8429274716404559,alumina,2006
Kazakhstan,KZ,2951151.961512103,2955554.332731626,0.9985104752868968,alumina,2006
Montenegro,ME,236975820.02550718,236976053.6474291,0.9999990141538846,alumina,2006
Romania,RO,572691055.5078014,588335631.3960624,0.9734087567480183,alumina,2006
Russian Federation,RU,3253788723.645797,7529900071.348637,0.4321157907561753,alumina,2006
Spain,ES,560208717.670281,591354213.7941563,0.947331911403752,alumina,2006
Suriname,SR,117636452.85450718,117636879.95602123,0.999996369323003,alumina,2006
Turkey,TR,139790795.35656524,155968330.14446995,0.8962767968797266,alumina,2006
Ukraine,UA,280222879.46630204,280319810.5030874,0.9996542126772582,alumina,2006
USA,US,3958500921.7575216,5411173274.4360895,0.7315420743332315,alumina,2006
Venezuela,VE,1079243593.628337,1080042919.7980623,0.9992599125876638,alumina,2006
Argentina,AR,120096412.22293039,121312031.66509008,0.9899793991949974,aluminium,2007
Australia,AU,311567882.05131435,313514831.093458,0.9937899300159001,aluminium,2007
Azerbaijan,AZ,9290585.879660662,9291489.78226908,0.9999027171498223,aluminium,2007
Bahrain,BH,440592085.04672223,441429358.7016315,0.9981032669476904,aluminium,2007
Brazil,BR,841353867.3909402,851034288.8235865,0.9886251099870161,aluminium,2007
Cameroon,CM,24098955.83296821,24106145.05087127,0.9997017682467316,aluminium,2007
Canada,CA,698089989.807928,718535965.9384164,0.971544950984067,aluminium,2007
China,CN,11461796670.020048,11550342285.872437,0.9923339400979752,aluminium,2007
Egypt,EG,197907988.71448955,199791341.95048067,0.9905733991392984,aluminium,2007
France,FR,351129256.111672,763464652.4100118,0.4599155376784899,aluminium,2007
Germany,DE,463251239.161244,1840176572.4851012,0.2517428197314987,aluminium,2007
Greece,GR,117149616.38101833,226352015.1423752,0.5175549963950236,aluminium,2007
India,IN,873313000.1673737,999264283.1012006,0.8739559843538697,aluminium,2007
Indonesia,ID,146570547.56672212,256723097.9453406,0.5709285558634414,aluminium,2007
Iran,IR,161569122.41844872,204768795.37249088,0.7890319524737229,aluminium,2007
Italy,IT,162961070.22511032,1085142254.6911604,0.15017484529849984,aluminium,2007
Japan,JP,56356054.3632024,2990298517.537954,0.018846297128088354,aluminium,2007
Montenegro,ME,1940979.495808755,1941316.3816702873,0.9998264652455864,aluminium,2007
Netherlands,NL,157896612.75645843,910041964.6325451,0.17350476010214935,aluminium,2007
New Zealand,NZ,39273109.42094584,41049893.264157586,0.9567164808011052,aluminium,2007
Norway,NO,206017266.0503021,228103821.33495322,0.9031732342080377,aluminium,2007
Poland,PL,42260681.199866794,246705645.4499352,0.17130001675799875,aluminium,2007
Romania,RO,189752699.4747327,196160937.2039143,0.9673317337257616,aluminium,2007
Russian Federation,RU,1013800496.1870166,1016889180.7998923,0.9969626143426503,aluminium,2007
Slovakia,SK,13935168.019449472,18019598.84874068,0.7733339757684644,aluminium,2007
Slovenia,SI,53249736.934166126,107944502.31695117,0.49330661396549885,aluminium,2007
South Africa,ZA,299202487.6127998,300853305.05808884,0.9945128824661897,aluminium,2007
Spain,ES,342488412.67000794,710166168.191724,0.48226517681358505,aluminium,2007
Sweden,SE,55189123.25105117,108577484.74004681,0.5082925192380671,aluminium,2007
Tajikistan,TJ,149244118.41473415,149244834.57684365,0.9999952014278315,aluminium,2007
Turkey,TR,56519058.95045076,389469705.00459784,0.1451179853636717,aluminium,2007
United Arab Emirates,AE,148932264.9763569,156630673.16942227,0.9508499322815381,aluminium,2007
United Kingdom,GB,149604570.17615026,268393147.6463132,0.5574083075075308,aluminium,2007
USA,US,2404246617.991428,5096759125.11198,0.4717206677760359,aluminium,2007
Venezuela,VE,216824539.7631925,216955673.38328663,0.9993955741371074,aluminium,2007
Australia,AU,5657300340.26082,5660142997.019222,0.9994977765120248,alumina,2007
Azerbaijan,AZ,33981069.05484159,33981215.45757445,0.9999956916569673,alumina,2007
Bosnia Herzegovina,BA,242953918.26411948,243345715.26450777,0.9983899572673288,alumina,2007
Brazil,BR,3330415494.633404,3355916186.0237527,0.9924012728635624,alumina,2007
Canada,CA,1292414006.8590968,5304403000.687767,0.24364928658164223,alumina,2007
China,CN,19394890729.36153,24382697687.016846,0.7954366238846823,alumina,2007
France,FR,483948836.60957,1083554379.4415398,0.44663087131722506,alumina,2007
Germany,DE,1187861798.3849173,1724165237.6807818,0.6889489315900721,alumina,2007
Greece,GR,229442834.07071787,229581554.4106176,0.9993957687922453,alumina,2007
Guinea,GN,41198290.0,41198290.0,1.0,alumina,2007
Hungary,HU,129655010.72319396,130827350.11844784,0.9910390343136013,alumina,2007
India,IN,2301977064.3094196,2493709485.601947,0.9231135694035163,alumina,2007
Iran,IR,250000000.0,361609984.9786443,0.6913525908715278,alumina,2007
Ireland,IE,263801695.65756977,263847728.60714704,0.999825532136205,alumina,2007
Italy,IT,577704004.4701334,657864504.7500546,0.8781504402485175,alumina,2007
Jamaica,JM,392975599.71804047,392977011.562489,0.9999964073103338,alumina,2007
Japan,JP,177506881.41001496,214609822.60579088,0.8271144314585778,alumina,2007
Kazakhstan,KZ,49797555.75066513,49820414.78024889,0.9995411714317396,alumina,2007
Montenegro,ME,239975580.88291708,239983921.84261006,0.9999652436728722,alumina,2007
Romania,RO,22741391.338154044,416649777.3827156,0.05458155163554746,alumina,2007
Russian Federation,RU,3331829404.9381413,7974399313.297517,0.4178157217913868,alumina,2007
Spain,ES,750373124.6357473,781259666.8871154,0.9604657151002897,alumina,2007
Suriname,SR,183553112.81902608,183553333.93443477,0.9999987953615227,alumina,2007
Turkey,TR,122364345.2594103,131986884.2653175,0.9270947332420989,alumina,2007
Ukraine,UA,272223456.422273,272261440.59008753,0.9998604864216827,alumina,2007
USA,US,3590116814.0917068,5451271736.542176,0.6585833522158945,alumina,2007
Venezuela,VE,1390829425.507322,1392433526.102222,0.9988479876670378,alumina,2007
Argentina,AR,179244190.6939004,179436221.48840687,0.9989298103085676,aluminium,2008
Australia,AU,299472763.90352947,300977885.4789253,0.9949992286875136,aluminium,2008
Azerbaijan,AZ,40248316.714944236,40342855.56403864,0.9976566148386711,aluminium,2008
Bahrain,BH,623252517.3719926,624922621.142579,0.9973275030954507,aluminium,2008
Brazil,BR,859495173.3916613,867149641.2743368,0.9911728408589009,aluminium,2008
Cameroon,CM,24699564.120882154,24748592.041579265,0.9980189612154606,aluminium,2008
Canada,CA,518284216.1741716,531647247.7049194,0.9748648533620085,aluminium,2008
China,CN,12163210817.825502,12278537673.681824,0.9906074437427906,aluminium,2008
Egypt,EG,199938484.0605792,202467877.96712792,0.9875071841916604,aluminium,2008
France,FR,312485179.8962522,713568501.9337115,0.43791896510207956,aluminium,2008
Germany,DE,517667736.68173414,2101698841.020295,0.2463091888228982,aluminium,2008
Greece,GR,119245942.4083686,266788120.85401458,0.4469687107006519,aluminium,2008
Iceland,IS,325394525.36548233,325926451.92457753,0.998367955236667,aluminium,2008
India,IN,1231082984.8366566,1378722741.4190936,0.8929155571696205,aluminium,2008
Indonesia,ID,159890302.4298715,297044505.39597416,0.5382705268920234,aluminium,2008
Iran,IR,157783517.47198248,174483113.78928185,0.9042910459663909,aluminium,2008
Italy,IT,154082194.26860982,849727464.5089551,0.18133130998378597,aluminium,2008
Japan,JP,58530291.7546268,3090120177.1305833,0.01894110532910624,aluminium,2008
Kazakhstan,KZ,66652473.79227717,67701885.09517978,0.9844995260999413,aluminium,2008
Montenegro,ME,34415525.36611852,44245751.389177114,0.7778266677721479,aluminium,2008
Mozambique,MZ,126915439.7346327,127019050.84980711,0.9991842868098824,aluminium,2008
Netherlands,NL,160703300.4575076,782818605.0148652,0.20528804429022987,aluminium,2008
New Zealand,NZ,26208672.630188886,27536971.47657823,0.9517630743264873,aluminium,2008
Nigeria,NG,1675217.6425824526,3576478.0550703937,0.46839869189396727,aluminium,2008
Norway,NO,277746153.92585564,306838486.68627256,0.9051868197024371,aluminium,2008
Oman,OM,43552590.49563086,44682278.67460763,0.9747173104755118,aluminium,2008
Poland,PL,35035165.70203402,219415799.47667792,0.15967476264514838,aluminium,2008
Romania,RO,200860111.9878286,213564570.34798136,0.9405123315189774,aluminium,2008
Russian Federation,RU,1183195689.9973323,1190067333.4101498,0.9942258364548779,aluminium,2008
Slovakia,SK,39214735.379363365,53409071.018294625,0.7342336167189809,aluminium,2008
Slovenia,SI,46330645.93473737,107318210.95247196,0.4317128055298633,aluminium,2008
South Africa,ZA,222421110.94788012,224389936.07387424,0.9912258759887256,aluminium,2008
Spain,ES,335515671.4140262,611331244.3442981,0.5488279464169932,aluminium,2008
Sweden,SE,68859491.20763065,124159761.89374794,0.5546039244707835,aluminium,2008
Tajikistan,TJ,126164162.0,126164162.0,1.0,aluminium,2008
Turkey,TR,59089697.26406805,603408909.559432,0.09792645804187962,aluminium,2008
Ukraine,UA,1896380.5171087056,1994206.0719910641,0.9509451123149539,aluminium,2008
United Arab Emirates,AE,238158175.75226548,253146654.75464815,0.9407913210746963,aluminium,2008
United Kingdom,GB,126817670.404575,237299596.81804323,0.5344200837467766,aluminium,2008
USA,US,2527334374.189145,5350140913.113049,0.47238650630579054,aluminium,2008
Venezuela,VE,339521435.0664422,340009573.73776513,0.9985643384509537,aluminium,2008
Australia,AU,5531186686.068395,5533610054.373994,0.9995620637735968,alumina,2008
Azerbaijan,AZ,38700747.0,38700747.0,1.0,alumina,2008
Bosnia Herzegovina,BA,206189120.3245055,280714530.9705111,0.7345153085294526,alumina,2008
Brazil,BR,3404642498.889493,3441595956.396369,0.9892626973139609,alumina,2008
Canada,CA,1365776819.4217343,6004212610.539837,0.22746976298344934,alumina,2008
China,CN,22692871283.539234,27188955659.02403,0.8346356354444037,alumina,2008
France,FR,512509123.25381285,1314164037.172849,0.38998869909449796,alumina,2008
Germany,DE,1188910902.8993473,1814679631.0305705,0.655162973435788,alumina,2008
Greece,GR,390232843.14611137,390533526.2466096,0.9992300709662801,alumina,2008
Guinea,GN,29673349.0,29673349.0,1.0,alumina,2008
Hungary,HU,137258778.18679452,141259374.10078365,0.9716790765961143,alumina,2008
India,IN,2967816645.540345,3064154023.5478163,0.9685598774516148,alumina,2008
Iran,IR,199999795.17222124,419495696.8328793,0.47676244758214553,alumina,2008
Italy,IT,502850718.8678262,570489806.0084403,0.8814368172257695,alumina,2008
Japan,JP,213143553.7198048,268266729.69979247,0.7945210125695645,alumina,2008
Kazakhstan,KZ,209356370.28101203,209478200.84284997,0.999418409355495,alumina,2008
Montenegro,ME,220000000.0,220002384.04958087,0.9999891635284264,alumina,2008
Russian Federation,RU,3101478339.5960097,8232589006.67147,0.3767318321226354,alumina,2008
Spain,ES,1004222109.3828977,1034683931.8736451,0.9705592968515652,alumina,2008
Suriname,SR,218504809.39386562,218505644.6221597,0.9999961775436258,alumina,2008
Turkey,TR,156815143.48375973,173987965.19767898,0.901298795612627,alumina,2008
Ukraine,UA,359653803.81341213,383671620.61998934,0.937400069445413,alumina,2008
USA,US,3600588579.446656,5612493091.547369,0.6415310488077538,alumina,2008
Venezuela,VE,1227261241.3214514,1228846135.1147754,0.9987102585522833,alumina,2008
Argentina,AR,105844386.05541691,106552182.33998668,0.9933572802637554,aluminium,2009
Australia,AU,261092776.81128943,262469188.01529825,0.9947559132010246,aluminium,2009
Bahrain,BH,520571004.81444967,520908586.10692215,0.9993519375539661,aluminium,2009
Bosnia Herzegovina,BA,2381567.7106877146,2733948.57890293,0.8711091821790526,aluminium,2009
Brazil,BR,797610592.408059,806110559.6248367,0.9894555813525957,aluminium,2009
Cameroon,CM,30000718.048017558,30008251.636023283,0.9997489494524006,aluminium,2009
Canada,CA,629546104.6458479,641286145.9063823,0.9816929753816196,aluminium,2009
China,CN,12586557281.24232,13783081617.428177,0.9131889101873344,aluminium,2009
Egypt,EG,211218624.28246927,214751312.28037626,0.9835498653750029,aluminium,2009
France,FR,316086111.29117,683950581.0099581,0.46214758795060934,aluminium,2009
Germany,DE,233733029.2696836,1304103601.8986592,0.17922888099487574,aluminium,2009
Greece,GR,97046894.08190306,212320289.59655738,0.45707781515514945,aluminium,2009
Iceland,IS,299070240.9106277,299247539.6209482,0.9994075182354213,aluminium,2009
India,IN,1309128486.2027144,1520987140.0872645,0.8607097665057214,aluminium,2009
Indonesia,ID,181257261.17119712,377938930.43393886,0.4795940470146397,aluminium,2009
Iran,IR,52944084.46934436,56790911.183247395,0.9322633387323112,aluminium,2009
Italy,IT,137461371.79108194,596288368.1084874,0.23052834692571517,aluminium,2009
Japan,JP,38142018.26072506,1933048447.468913,0.019731537670805557,aluminium,2009
Kazakhstan,KZ,35120492.70949346,35212555.7897616,0.9973855041702223,aluminium,2009
Malaysia,MY,10676104.684628569,226035531.66828895,0.04723197545904392,aluminium,2009
Mozambique,MZ,15739968.537958547,15739968.999986684,0.9999999706461851,aluminium,2009
Netherlands,NL,44031541.27292538,121335987.55084966,0.3628893798261837,aluminium,2009
New Zealand,NZ,44293960.4174423,45626140.16077054,0.970802269518436,aluminium,2009
Nigeria,NG,8830960.200133286,16067999.652168976,0.549599227738421,aluminium,2009
Norway,NO,304238702.9064903,345805697.4058885,0.8797966753838384,aluminium,2009
Oman,OM,22178423.35004172,22207780.330756504,0.9986780767696029,aluminium,2009
Qatar,QA,9983601.183946013,10030424.272635475,0.9953318935055218,aluminium,2009
Romania,RO,149103030.59516516,162552514.20313206,0.917260685422805,aluminium,2009
Russian Federation,RU,1295201118.2178047,1305163306.271118,0.9923670945961732,aluminium,2009
Slovenia,SI,18144204.841553282,60007824.845539786,0.30236398150168725,aluminium,2009
South Africa,ZA,198222695.74069235,200877789.6772709,0.9867825410621841,aluminium,2009
Spain,ES,298613357.7641751,498939490.84961885,0.5984961367874119,aluminium,2009
Sweden,SE,27677578.843769733,67687922.8218926,0.40889981092487965,aluminium,2009
Tajikistan,TJ,65435807.11466138,65440128.34432682,0.9999339666688504,aluminium,2009
Turkey,TR,32838809.24023264,515643943.89763975,0.06368504784912485,aluminium,2009
United Arab Emirates,AE,237098528.37448853,240319952.29362118,0.9865952706448745,aluminium,2009
United Kingdom,GB,131378818.05266228,340990868.76551783,0.3852854433559769,aluminium,2009
USA,US,1627524020.3984742,4417898996.618971,0.36839321624238636,aluminium,2009
Venezuela,VE,233030630.69591352,233386814.9337205,0.9984738459286652,aluminium,2009
Australia,AU,7272000603.874449,7273853663.497096,0.9997452437582094,alumina,2009
Azerbaijan,AZ,113803640.42477024,113805801.3382669,0.9999810122729136,alumina,2009
Bosnia Herzegovina,BA,106066415.91386344,211318999.21516734,0.5019256020887428,alumina,2009
Brazil,BR,3209881807.082249,3223136154.1035028,0.9958877483334426,alumina,2009
Canada,CA,1121150685.4704154,5327085573.313127,0.21046230064089755,alumina,2009
China,CN,23692221727.670017,28814765712.9023,0.8222250343358308,alumina,2009
France,FR,296171880.0592067,977857222.0496345,0.30287845033083316,alumina,2009
Germany,DE,866023624.979073,1184483995.3263,0.7311399971601154,alumina,2009
Greece,GR,228065863.43436596,228237072.0013502,0.9992498652147832,alumina,2009
Guinea,GN,38029300.0,38029300.0,1.0,alumina,2009
Hungary,HU,100249349.21456325,105246416.33273219,0.9525203109778967,alumina,2009
India,IN,3269978279.423716,3476910008.1408734,0.940484013611901,alumina,2009
Iran,IR,207834635.24346584,373391092.2521278,0.5566138013360212,alumina,2009
Ireland,IE,138512028.1535846,143887309.5401897,0.9626424220191308,alumina,2009
Italy,IT,63775512.963273875,153714812.71666518,0.414895037349641,alumina,2009
Jamaica,JM,109715185.04852961,109716395.98097906,0.9999889630675651,alumina,2009
Japan,JP,229475021.80733654,260410205.85844818,0.8812059460222263,alumina,2009
Kazakhstan,KZ,255239336.81266627,255260473.8272355,0.9999171943299631,alumina,2009
Montenegro,ME,59000000.0,114776822.22480944,0.5140410655771487,alumina,2009
Romania,RO,43987392.53933972,344275760.70909053,0.12776790456795653,alumina,2009
Russian Federation,RU,2793970934.8993373,7327594410.719403,0.38129443010820696,alumina,2009
Spain,ES,1023521724.9745029,1039244362.1106303,0.9848710873887294,alumina,2009
Suriname,SR,71655450.0,71655450.0,1.0,alumina,2009
Turkey,TR,97749580.26511005,107945223.76094328,0.9055479886871824,alumina,2009
Ukraine,UA,163964679.89203376,168239675.73440954,0.9745898473489424,alumina,2009
USA,US,1738762812.2306821,2971458091.913708,0.5851547484255,alumina,2009
Venezuela,VE,1192905963.1127274,1193855108.3661442,0.9992049745008708,alumina,2009
Argentina,AR,141315868.26775685,142059483.65097845,0.9947654646904914,aluminium,2010
Australia,AU,221570294.6730273,222350409.1713364,0.9964915086002474,aluminium,2010
Bahrain,BH,461117214.8856923,461884883.11150515,0.9983379663334262,aluminium,2010
Bosnia Herzegovina,BA,16459259.571566911,20144897.99428295,0.817043579780746,aluminium,2010
Brazil,BR,961407879.7996916,997673689.9837712,0.9636496275804671,aluminium,2010
Cameroon,CM,28990544.05117836,28996845.42746291,0.9997826875237061,aluminium,2010
Canada,CA,554827625.0505884,568959313.479604,0.9751622161827531,aluminium,2010
China,CN,15396580286.84982,15688842323.032803,0.981371344668694,aluminium,2010
Egypt,EG,181762876.6302829,184903172.699925,0.9830165376624531,aluminium,2010
France,FR,226072733.17700845,514068021.8419296,0.43977202154489076,aluminium,2010
Germany,DE,345083269.11539036,2095197573.6144705,0.16470201830182524,aluminium,2010
Greece,GR,95632824.63145034,246164835.51468107,0.38849100616463506,aluminium,2010
Iceland,IS,163462064.30214274,163585238.57126254,0.9992470331052142,aluminium,2010
India,IN,1364601399.6846614,1543529210.1190462,0.8840787662058013,aluminium,2010
Indonesia,ID,184388461.20583373,424056640.7371943,0.43482036004739044,aluminium,2010
Iran,IR,170569782.80870077,225285785.67208192,0.7571262532158871,aluminium,2010
Italy,IT,127630533.50532252,751983166.0590951,0.16972525352421597,aluminium,2010
Japan,JP,53708029.129933946,2754826500.1806216,0.019495975200765837,aluminium,2010
Kazakhstan,KZ,78827707.87149073,78840139.99976891,0.9998423121993667,aluminium,2010
Malaysia,MY,42711277.442400165,276925921.05972075,0.15423358448698352,aluminium,2010
Montenegro,ME,5156771.60827648,5157001.381386954,0.9999554444349571,aluminium,2010
Netherlands,NL,158286463.44987443,884548870.5566243,0.1789459788132099,aluminium,2010
New Zealand,NZ,35178895.29101061,36334143.71682628,0.9682048809291004,aluminium,2010
Nigeria,NG,2304094.2438823185,3147659.333426614,0.7320024182458236,aluminium,2010
Norway,NO,521445928.5631394,600745299.4047879,0.8679983498493996,aluminium,2010
Oman,OM,36595277.88776172,36671490.48185594,0.9979217481184212,aluminium,2010
Qatar,QA,31586115.93716057,41256278.72595105,0.7656074884255678,aluminium,2010
Romania,RO,185896264.062089,209160646.3125676,0.8887726603420772,aluminium,2010
Russian Federation,RU,774672617.5463643,774862647.0901958,0.9997547571243174,aluminium,2010
Slovakia,SK,74615367.93104222,124884392.79294378,0.5974755232605666,aluminium,2010
Slovenia,SI,23714465.18128946,95668598.19834135,0.2478813908417925,aluminium,2010
South Africa,ZA,249490635.9722205,261575596.8554801,0.9537993565587217,aluminium,2010
Spain,ES,261015248.1977632,508982373.938076,0.5128178529606978,aluminium,2010
Sweden,SE,47817461.96938902,101370739.04169491,0.4717087240502525,aluminium,2010
Tajikistan,TJ,53890758.0,53890758.0,1.0,aluminium,2010
Turkey,TR,54834248.13268205,824995606.0310154,0.06646610931236957,aluminium,2010
United Arab Emirates,AE,366200645.87634397,368121355.7431044,0.9947824003231673,aluminium,2010
USA,US,1585088055.9521513,3953268150.917331,0.4009563721561214,aluminium,2010
Venezuela,VE,114225171.05170013,114267683.23124082,0.9996279597315834,aluminium,2010
Australia,AU,8879005456.558208,8884168522.599607,0.9994188464538617,alumina,2010
Bosnia Herzegovina,BA,120155889.02591762,217836139.32962507,0.5515884067523812,alumina,2010
Brazil,BR,3011344887.505878,3025679571.894924,0.9952623256863685,alumina,2010
Canada,CA,1295101804.8512113,5701316867.847071,0.22715836268547326,alumina,2010
China,CN,28918767583.725567,33257045936.563408,0.8695531057955975,alumina,2010
France,FR,371748814.7314686,904924233.1889849,0.4108065637953055,alumina,2010
Germany,DE,1205561048.0947015,1437477832.563341,0.8386640967846576,alumina,2010
Greece,GR,347574901.1363582,347751079.42673045,0.999493378163879,alumina,2010
Guinea,GN,42878864.0,42878864.0,1.0,alumina,2010
Hungary,HU,112514337.2604321,124408784.08136633,0.9043922267325193,alumina,2010
India,IN,3015603066.4780684,3268867364.3320374,0.922522308302429,alumina,2010
Iran,IR,604467477.6033555,631222062.6153277,0.9576146231310095,alumina,2010
Ireland,IE,383128006.079,399139442.07668185,0.9598851070333315,alumina,2010
Jamaica,JM,112501220.0,112501220.0,1.0,alumina,2010
Japan,JP,203554724.86063242,251264874.97597295,0.8101200968901731,alumina,2010
Kazakhstan,KZ,1639000000.0,1639106154.519611,0.9999352363363909,alumina,2010
Romania,RO,438833032.085334,440712671.78106934,0.9957349996583056,alumina,2010
Russian Federation,RU,2929225316.642665,6200698727.733098,0.4724024574104014,alumina,2010
Slovakia,SK,162859419.7040878,366252423.9584047,0.44466441462400735,alumina,2010
Spain,ES,957058595.3137423,976725227.6544614,0.9798647236869809,alumina,2010
Turkey,TR,157492335.98078147,173187668.43055493,0.9093738451934469,alumina,2010
Ukraine,UA,266733387.47648856,301799982.4541741,0.8838084923248459,alumina,2010
USA,US,2466517130.2282677,3573067015.964632,0.6903081076307142,alumina,2010
Venezuela,VE,725266992.3669307,725652503.3663719,0.9994687388279476,alumina,2010
Argentina,AR,167434339.2372499,170926096.58410963,0.9795715375437624,aluminium,2011
Australia,AU,255495081.6626565,257202854.00718844,0.9933602123074255,aluminium,2011
Azerbaijan,AZ,10957642.854240362,11947657.197187092,0.9171373662126986,aluminium,2011
Bahrain,BH,499002938.10461015,502322236.94315565,0.9933920925763812,aluminium,2011
Bosnia Herzegovina,BA,29826799.395392984,37431524.120905995,0.7968363590820051,aluminium,2011
Brazil,BR,977272760.4997121,1081160261.6617558,0.9039110991719512,aluminium,2011
Cameroon,CM,27481617.0,27481617.0,1.0,aluminium,2011
Canada,CA,605792391.4716151,622125501.297432,0.9737462782159637,aluminium,2011
China,CN,19159774990.976376,19428381355.700737,0.986174537147144,aluminium,2011
Egypt,EG,171823937.62101173,174593699.55576214,0.9841359571290498,aluminium,2011
France,FR,258567673.14456365,667259056.3360224,0.3875071768442998,aluminium,2011
Germany,DE,368930275.12234205,2280149885.5222955,0.16180088750518004,aluminium,2011
Ghana,GH,2268683.763206693,2268686.9353791187,0.9999986017584108,aluminium,2011
Greece,GR,105364123.54970333,215050917.46109977,0.48994965840479376,aluminium,2011
India,IN,1452373740.572411,1668477975.2223804,0.8704782215532895,aluminium,2011
Indonesia,ID,190818745.0320206,500262580.69479984,0.3814371739877048,aluminium,2011
Iran,IR,194174791.93759888,224326975.9149496,0.8655882385327457,aluminium,2011
Italy,IT,104610498.8690755,819153390.9151515,0.12770562879829567,aluminium,2011
Japan,JP,43063280.047718816,2706339399.578437,0.015912002779262177,aluminium,2011
Kazakhstan,KZ,105231055.15338238,105240598.00059222,0.999909323517814,aluminium,2011
Malaysia,MY,19076108.950363405,94734443.60205075,0.20136402584994395,aluminium,2011
Montenegro,ME,36917465.808635704,47295009.573908344,0.7805784614747661,aluminium,2011
Netherlands,NL,154228190.0384774,1054211732.5169572,0.14629716714521254,aluminium,2011
New Zealand,NZ,34726476.93552651,35845182.23141256,0.9687906372280713,aluminium,2011
Norway,NO,523294876.32848054,664870655.4380451,0.7870626745945218,aluminium,2011
Oman,OM,39432545.52260314,39498447.44032089,0.9983315314401326,aluminium,2011
Qatar,QA,118539726.89900626,118719315.48434752,0.9984872841912154,aluminium,2011
Romania,RO,182790780.75734136,201732433.3111631,0.9061050707468288,aluminium,2011
Russian Federation,RU,451280228.8868398,451658908.83470386,0.9991615798106561,aluminium,2011
Slovakia,SK,72139392.13121003,93932888.59841831,0.7679886481466593,aluminium,2011
Slovenia,SI,50778910.167708755,126322633.17208807,0.4019779266201105,aluminium,2011
South Africa,ZA,235339963.5661479,247894676.1704313,0.9493546501351572,aluminium,2011
Spain,ES,271495850.4737334,484596963.1887137,0.5602508292401461,aluminium,2011
Sweden,SE,24031593.677088577,46661751.787749544,0.5150169626378616,aluminium,2011
Tajikistan,TJ,57080523.0,57080523.0,1.0,aluminium,2011
Turkey,TR,62442820.91593307,1031291326.4537256,0.06054818780514092,aluminium,2011
United Arab Emirates,AE,216782471.63633654,220143032.1132947,0.9847346498106346,aluminium,2011
United Kingdom,GB,56274041.99775728,140910964.4123543,0.3993588592089963,aluminium,2011
USA,US,1811520091.323768,4187304343.5506196,0.43262202665395266,aluminium,2011
Venezuela,VE,165622457.93350297,168332893.51063022,0.9838983604416205,aluminium,2011
Australia,AU,11129886223.564383,11134790119.468266,0.9995595879355365,alumina,2011
Azerbaijan,AZ,5640117.021948809,5641949.867416747,0.9996751397103822,alumina,2011
Bosnia Herzegovina,BA,129277953.85149541,252733591.52533603,0.511518682859914,alumina,2011
Brazil,BR,3328028643.41228,3332207087.67613,0.9987460430417715,alumina,2011
Canada,CA,1466566563.2475753,6027224873.782599,0.24332368444172206,alumina,2011
China,CN,34023831609.68038,35971850624.71383,0.945846016226502,alumina,2011
France,FR,397000961.75529736,873616117.1393452,0.4544341089485351,alumina,2011
Germany,DE,2062020405.7658734,2584144742.8234086,0.7979508158327587,alumina,2011
Greece,GR,438248733.21563756,438582453.4879177,0.9992390934255893,alumina,2011
Guinea,GN,66003396.0,66003396.0,1.0,alumina,2011
Hungary,HU,77400481.31450921,94057498.98703875,0.8229060111961419,alumina,2011
India,IN,3604189266.1485224,4092040377.04465,0.8807804747888477,alumina,2011
Iran,IR,157778617.7595853,170673559.73305857,0.9244467508989583,alumina,2011
Ireland,IE,161327920.7330793,161352380.2702945,0.9998484091949917,alumina,2011
Jamaica,JM,87215562.48373929,87215614.99814372,0.999999397878414,alumina,2011
Japan,JP,206045037.8216945,269483474.8543428,0.7645924780102487,alumina,2011
Kazakhstan,KZ,1669999998.0000837,1670069739.59849,0.9999582403077233,alumina,2011
Romania,RO,465288598.7558756,467769557.8646695,0.9946961937409537,alumina,2011
Russian Federation,RU,2824993669.6045833,6475263761.44221,0.4362746868206931,alumina,2011
Slovakia,SK,162774298.76236314,270271071.07362515,0.6022631209317308,alumina,2011
Spain,ES,989376222.1216326,1014483995.8591192,0.9752506950923124,alumina,2011
Suriname,SR,93057084.36742358,93057434.98660947,0.9999962322281294,alumina,2011
Turkey,TR,158453095.80903786,173692203.4334256,0.9122637209779613,alumina,2011
Ukraine,UA,103057016.25263159,106904370.95283625,0.9640112498122081,alumina,2011
USA,US,2500860317.634145,3834471228.475875,0.6522047418329923,alumina,2011
Venezuela,VE,1126167598.2316089,1219576768.4195712,0.9234085359718605,alumina,2011
Argentina,AR,171526926.5696194,176025014.32734728,0.974446315059728,aluminium,2012
Australia,AU,218262366.0455267,220796871.38062635,0.9885210994193371,aluminium,2012
Bahrain,BH,466390037.0115986,470171604.4611933,0.9919570484186762,aluminium,2012
Bosnia Herzegovina,BA,4431814.26619734,5921608.379846544,0.7484139412664416,aluminium,2012
Brazil,BR,946122915.2882686,1017415277.9622866,0.9299279613563453,aluminium,2012
Cameroon,CM,17520041.632361904,17520044.9171296,0.9999998125137401,aluminium,2012
Canada,CA,490176829.65640235,503918034.6431937,0.9727312696865056,aluminium,2012
China,CN,22931755415.339996,23500007101.015934,0.975819084512048,aluminium,2012
Egypt,EG,232366056.0975668,238935590.07527247,0.9725050002988838,aluminium,2012
France,FR,276431516.40748745,644000032.3659672,0.4292414635320999,aluminium,2012
Germany,DE,362161340.8373425,2288469011.3907666,0.15825485904973952,aluminium,2012
Ghana,GH,380386162.3572413,380388709.5488022,0.9999933037140772,aluminium,2012
Greece,GR,100990776.47398071,167850404.45804578,0.6016713322798299,aluminium,2012
Iceland,IS,16388123.887514174,16394176.781226771,0.999630790018104,aluminium,2012
India,IN,1451395061.195055,1737423701.4188566,0.8353719705848274,aluminium,2012
Indonesia,ID,193516142.27231544,516585662.0789058,0.37460610403615274,aluminium,2012
Iran,IR,193451551.9584445,202165443.25430366,0.9568972265705273,aluminium,2012
Italy,IT,72662458.39056456,615911505.0391749,0.11797548478322853,aluminium,2012
Japan,JP,25855372.85083574,2702001251.305791,0.009568971457115598,aluminium,2012
Malaysia,MY,41441563.756773084,127108710.86919014,0.32603244477415355,aluminium,2012
Montenegro,ME,3217915.1160096396,3218477.7232370405,0.9998251946181455,aluminium,2012
Netherlands,NL,23813162.33035448,280906803.78363764,0.08477246549249141,aluminium,2012
New Zealand,NZ,28114441.704751503,29591565.66308284,0.9500829400123922,aluminium,2012
Norway,NO,84150629.25094627,95329326.89164737,0.882736005747665,aluminium,2012
Romania,RO,121595823.50565204,139516088.41998136,0.87155413316646,aluminium,2012
Russian Federation,RU,1258713504.0324438,1285668633.340141,0.979034154984657,aluminium,2012
Slovakia,SK,68250587.30291967,88761365.00426371,0.7689222366019406,aluminium,2012
Slovenia,SI,50652062.05342044,127143947.19454582,0.3983835893966433,aluminium,2012
South Africa,ZA,216332157.88766015,235840637.16552487,0.9172810949277893,aluminium,2012
Spain,ES,137012651.7666907,296870605.02074486,0.461523133141176,aluminium,2012
Sweden,SE,68307256.80946077,111166819.1846323,0.6144572392236223,aluminium,2012
Turkey,TR,41921918.68918564,1101654414.8397918,0.03805360204114658,aluminium,2012
United Arab Emirates,AE,515194052.02407986,577682606.6162264,0.8918289145692424,aluminium,2012
USA,US,1888785689.2653198,4321693329.052386,0.43704759811809046,aluminium,2012
Venezuela,VE,100686236.92197388,104261512.65147905,0.9657085760739301,aluminium,2012
Australia,AU,6968578747.936043,6971016189.201561,0.9996503463484572,alumina,2012
Bosnia Herzegovina,BA,107798129.14315458,230089938.1319335,0.4685043162615097,alumina,2012
Brazil,BR,3048515258.3887343,3063008639.360036,0.9952682533163439,alumina,2012
Canada,CA,1492336563.9651945,5289679581.094411,0.28212229891936796,alumina,2012
China,CN,37550695363.176506,42548054295.99867,0.882547885784471,alumina,2012
France,FR,316802699.4403566,845970500.9577345,0.3744843337701493,alumina,2012
Germany,DE,1534636778.7008297,1721483108.3403938,0.8914620023081757,alumina,2012
Greece,GR,447242180.7076708,447585398.70638615,0.9992331787415154,alumina,2012
Hungary,HU,38201308.67820826,52884639.552642636,0.722351688531067,alumina,2012
India,IN,3507890834.6782975,4119929138.4217243,0.8514444585865163,alumina,2012
Iran,IR,227000000.0,564847386.6453097,0.4018784637531525,alumina,2012
Jamaica,JM,342045809.97208816,342046357.9839294,0.999998397843367,alumina,2012
Japan,JP,176961453.27657586,227130649.55130672,0.7791174534399502,alumina,2012
Kazakhstan,KZ,745971937.5480671,746222104.512523,0.9996647553550837,alumina,2012
Romania,RO,391161401.1987496,393489068.02821255,0.9940845451155048,alumina,2012
Russian Federation,RU,2718668686.2902775,7652029768.215898,0.3552872595429208,alumina,2012
Spain,ES,1009705026.0764714,1028752558.4650277,0.9814848262278185,alumina,2012
Suriname,SR,7187759.0,7187759.0,1.0,alumina,2012
Turkey,TR,277063123.1002303,293291631.14097774,0.9446676743635183,alumina,2012
Ukraine,UA,38288239.47160382,38320783.5825607,0.9991507451593006,alumina,2012
USA,US,3077861957.7467356,4327655837.774999,0.7112076544721665,alumina,2012
Venezuela,VE,764824070.3907561,813068808.1556369,0.9406634010787857,alumina,2012
Argentina,AR,179537974.34731254,184396079.14940655,0.9736539690838125,aluminium,2013
Australia,AU,271214426.9469832,277518888.1256018,0.9772827672336115,aluminium,2013
Bahrain,BH,737706863.4793742,776628021.6503153,0.9498844271827398,aluminium,2013
Bosnia Herzegovina,BA,11241651.051288398,11733770.77141716,0.958059542007797,aluminium,2013
Brazil,BR,923757479.9436835,1007984114.4926219,0.9164405139545928,aluminium,2013
Cameroon,CM,40962245.39663275,40962852.421111844,0.9999851810984047,aluminium,2013
Canada,CA,457028151.59667546,469096920.1845803,0.9742723346314957,aluminium,2013
China,CN,25991587582.12674,26395826378.708984,0.9846855032768246,aluminium,2013
Egypt,EG,190451159.6309977,194693034.41071525,0.9782124984976652,aluminium,2013
France,FR,266725991.6192339,613226163.5271467,0.43495533537754266,aluminium,2013
Germany,DE,443229624.451332,2564172020.098069,0.17285487127122628,aluminium,2013
Ghana,GH,7411645.6589433495,7432707.280315488,0.9971663593657297,aluminium,2013
Greece,GR,96563135.81170802,164506515.29067123,0.5869866955791256,aluminium,2013
Iceland,IS,412604347.6782355,412987277.7849153,0.999072779895948,aluminium,2013
India,IN,1363534170.4760375,1636574362.8148642,0.8331635894202786,aluminium,2013
Indonesia,ID,195645519.61461335,490036361.1910481,0.3992469439187962,aluminium,2013
Iran,IR,259492667.3052619,273084550.39123493,0.9502282971830497,aluminium,2013
Japan,JP,2981825.6918683667,2414824030.3037543,0.0012348004055157968,aluminium,2013
Kazakhstan,KZ,13988735.491922017,14017280.437488385,0.9979635888934614,aluminium,2013
Malaysia,MY,79391894.62959291,144828727.97059458,0.5481778079671618,aluminium,2013
Montenegro,ME,29600177.113154296,29606235.468008097,0.9997953689566393,aluminium,2013
New Zealand,NZ,33202470.57099305,34233763.515509136,0.9698749760876022,aluminium,2013
Norway,NO,39697855.12881029,44480121.947818875,0.8924853033312538,aluminium,2013
Oman,OM,54668942.57935657,57258071.88973062,0.9547814094166449,aluminium,2013
Qatar,QA,53466660.683217034,53830963.40690477,0.9932324688129024,aluminium,2013
Romania,RO,167106802.04761544,195989526.35440382,0.852631286762945,aluminium,2013
Russian Federation,RU,1211548551.4502084,1260675926.7423959,0.9610309245619266,aluminium,2013
Saudi Arabia,SA,68785270.77970248,80806513.42688009,0.8512342367295015,aluminium,2013
Slovakia,SK,60717421.03550955,76054257.1080633,0.7983434898225081,aluminium,2013
Slovenia,SI,52307410.780413665,124908483.82397021,0.4187658770570695,aluminium,2013
South Africa,ZA,218194874.930414,225006786.06079024,0.969725752500034,aluminium,2013
Spain,ES,120189220.62025414,226688744.46622062,0.5301949194842526,aluminium,2013
Sweden,SE,60938461.510514356,92404549.03828366,0.6594746919360783,aluminium,2013
Tajikistan,TJ,10345829.076932365,10346831.258170184,0.9999031412407516,aluminium,2013
Turkey,TR,31209845.016635887,1138114843.242869,0.027422403988431102,aluminium,2013
United Arab Emirates,AE,216206369.70950878,217307564.2075704,0.9949325533049104,aluminium,2013
USA,US,1783176912.6718884,4341029659.421141,0.4107728010569889,aluminium,2013
Venezuela,VE,138327188.94276628,144008199.7084997,0.96055078268298,aluminium,2013
Australia,AU,6636804065.9696665,6639808045.88602,0.9995475803072026,alumina,2013
Bosnia Herzegovina,BA,99134446.73562112,227152372.80896658,0.4364226774729421,alumina,2013
Brazil,BR,3005768835.0327125,3013129664.7509217,0.9975570816602021,alumina,2013
Canada,CA,1547276387.457601,5692958387.933999,0.2717877563863794,alumina,2013
China,CN,46784748984.96544,50792490052.02074,0.9210957946154905,alumina,2013
France,FR,234537258.18966335,769433009.4247581,0.3048182951820687,alumina,2013
Germany,DE,1918537505.5895364,2088439059.4913006,0.9186466307792823,alumina,2013
Greece,GR,476308962.6452504,476785250.50100845,0.9990010432259437,alumina,2013
Hungary,HU,33260682.45030926,54409708.46400022,0.6113005084803192,alumina,2013
India,IN,3079614158.3168926,4108268355.6756144,0.7496136794623882,alumina,2013
Iran,IR,247620671.7809377,471915203.75330895,0.5247143338708368,alumina,2013
Ireland,IE,66557399.91779388,66567267.63684574,0.9998517631953036,alumina,2013
Jamaica,JM,432809837.9818685,432809978.9996888,0.9999996741807556,alumina,2013
Japan,JP,177137767.22335422,222620647.49285486,0.7956933429952384,alumina,2013
Kazakhstan,KZ,492218730.4596247,492387144.57711023,0.999657964024162,alumina,2013
Romania,RO,378305255.74601734,400341130.6356339,0.9449572546926929,alumina,2013
Russian Federation,RU,2658940410.463921,7120984071.0485,0.3733950790978832,alumina,2013
Spain,ES,918451436.960016,932664795.6769336,0.9847604854575844,alumina,2013
Suriname,SR,64121929.442611575,64122029.9997522,0.999998431784823,alumina,2013
Turkey,TR,271894021.85161424,291002676.15451026,0.9343351251768209,alumina,2013
Ukraine,UA,33787333.290390044,33811831.74629122,0.9992754472432904,alumina,2013
USA,US,2796468718.556827,4005077568.6832385,0.6982308508637026,alumina,2013
Venezuela,VE,569934031.6397837,572471697.2292529,0.9955671772041284,alumina,2013
Viet Nam,VN,103005357.12331305,107754648.64327432,0.9559249500623962,alumina,2013
Argentina,AR,225324165.03263715,229117778.29945898,0.983442518974396,aluminium,2014
Australia,AU,279812422.7585665,288618915.0378444,0.9694874735492537,aluminium,2014
Bahrain,BH,660951380.9577837,664671214.825861,0.9944034978721745,aluminium,2014
Bosnia Herzegovina,BA,70121505.85065055,90097862.61070293,0.7782815687163777,aluminium,2014
Brazil,BR,736292303.6794267,1013501728.0717846,0.7264835207338456,aluminium,2014
Cameroon,CM,8693758.75782133,8693946.623629551,0.9999783911937404,aluminium,2014
Canada,CA,497361645.6884311,511533943.36258084,0.9722945117170763,aluminium,2014
China,CN,27677822694.888237,27900716276.663776,0.992011187828824,aluminium,2014
Egypt,EG,208194052.9667366,217943283.42182586,0.9552671213261491,aluminium,2014
France,FR,276490366.0343853,661786793.8963474,0.4177937193435303,aluminium,2014
Germany,DE,484220239.4012156,2681878552.3681736,0.18055263500788865,aluminium,2014
Ghana,GH,1819476.8481544296,1821775.4160138401,0.9987382814373245,aluminium,2014
Greece,GR,94768126.72379477,155647472.0228094,0.608863899247313,aluminium,2014
Iceland,IS,154878821.15536225,155057136.2087963,0.9988500042126799,aluminium,2014
India,IN,1503185404.0564263,1793535964.1593547,0.8381127750404391,aluminium,2014
Indonesia,ID,173077409.45961624,373232542.2739828,0.4637253986619512,aluminium,2014
Iran,IR,250596422.11678836,265794708.38658446,0.9428194550521638,aluminium,2014
Japan,JP,991339.3038809627,2735153717.418729,0.00036244372576490076,aluminium,2014
Kazakhstan,KZ,36300694.76096055,36387776.27593309,0.9976068470270844,aluminium,2014
Malaysia,MY,140333168.05772445,236883748.6574211,0.5924136579781708,aluminium,2014
Montenegro,ME,524509.9726417585,524793.0548352202,0.999460583193978,aluminium,2014
New Zealand,NZ,37190084.10485511,38348372.16703919,0.9697956393784131,aluminium,2014
Norway,NO,43991153.54766874,47489264.22969089,0.9263389159894567,aluminium,2014
Oman,OM,106114396.09895928,110129516.37320513,0.9635418332298903,aluminium,2014
Qatar,QA,24048239.895326305,24132112.83717591,0.996524426086704,aluminium,2014
Romania,RO,195944974.25458175,247451140.13389853,0.7918531882639691,aluminium,2014
Saudi Arabia,SA,283959559.1218906,296656885.4526528,0.9571986124259747,aluminium,2014
Slovakia,SK,99521358.51745424,130080595.1451656,0.7650745939960661,aluminium,2014
Slovenia,SI,49829268.70734424,112842908.72318682,0.44158086025219045,aluminium,2014
South Africa,ZA,194932631.0836543,198826023.3177341,0.9804180953322296,aluminium,2014
Spain,ES,227546562.41892454,442429560.5181825,0.5143113903881499,aluminium,2014
Sweden,SE,46440346.008915626,83144377.78624624,0.5585506470239987,aluminium,2014
Tajikistan,TJ,25114079.31636979,25180351.213389937,0.9973681106963709,aluminium,2014
Turkey,TR,28872765.064147454,1046616025.8340063,0.027586779058862497,aluminium,2014
United Arab Emirates,AE,437987431.87927914,441265965.0211246,0.9925701653838439,aluminium,2014
United Kingdom,GB,975839.0493912868,7448642.890027336,0.13100897221127292,aluminium,2014
USA,US,1563263858.1145315,4257482415.2417536,0.3671803440733094,aluminium,2014
Venezuela,VE,35045179.38546564,35312253.486901596,0.992436786807304,aluminium,2014
Australia,AU,6669703834.933085,6672757131.890991,0.9995424234843925,alumina,2014
Bosnia Herzegovina,BA,97546645.25850968,205197107.40655026,0.47538021608288916,alumina,2014
Brazil,BR,2210667831.401189,2216750105.8345184,0.9972562200776168,alumina,2014
Canada,CA,1549921374.376967,5501407536.645952,0.28173178664780557,alumina,2014
China,CN,51231784267.572655,56609038416.12301,0.9050106785241058,alumina,2014
France,FR,215717994.9340784,750397059.1288668,0.28747180217431106,alumina,2014
Germany,DE,1667936135.319863,1880345013.5807712,0.8870372847925315,alumina,2014
Greece,GR,451998342.14235264,452285774.8774219,0.9993644886683708,alumina,2014
Hungary,HU,30318875.77884768,59527649.054006755,0.5093242595779438,alumina,2014
India,IN,3815015333.900838,4394131129.948662,0.8682069836057464,alumina,2014
Iran,IR,221203056.31429064,365686959.5882233,0.6048973049609788,alumina,2014
Ireland,IE,109992293.68977782,110013182.98014985,0.999810120116461,alumina,2014
Jamaica,JM,196169653.46214792,196170846.9878963,0.9999939158862456,alumina,2014
Japan,JP,36167259.083020926,63298780.34493672,0.5713737118777511,alumina,2014
Kazakhstan,KZ,415355969.64627266,415703465.8571296,0.9991640767051571,alumina,2014
Romania,RO,343488966.0380137,426110197.0878645,0.8061036050897082,alumina,2014
Russian Federation,RU,2571718219.2461867,6652613546.658055,0.386572615590769,alumina,2014
Saudi Arabia,SA,22999949.314712003,1273865872.8155632,0.01805523627371879,alumina,2014
Spain,ES,894930591.4703851,912745708.7359034,0.9804818394707205,alumina,2014
Suriname,SR,100467242.10559724,100469501.70967077,0.9999775095523012,alumina,2014
Turkey,TR,272055027.0097143,292708453.8324893,0.9294402790477841,alumina,2014
Ukraine,UA,34951780.86546801,34967905.921172604,0.9995388612706478,alumina,2014
USA,US,2892086464.5814013,3865914062.1685424,0.7480990053253064,alumina,2014
Venezuela,VE,321879261.4278954,339730134.523372,0.9474557265268192,alumina,2014
Viet Nam,VN,31195012.178255737,31785572.103909146,0.9814205035000525,alumina,2014
Argentina,AR,223362427.91361332,227398981.9759752,0.9822490231605859,aluminium,2015
Australia,AU,180933791.98367858,185460279.61414644,0.9755932233042822,aluminium,2015
Azerbaijan,AZ,9814294.305246197,9992624.667950623,0.9821538015656301,aluminium,2015
Bahrain,BH,661150285.0679882,673792286.0895476,0.9812375396950161,aluminium,2015
Bosnia Herzegovina,BA,44898022.15718008,56092180.07437072,0.8004328249971977,aluminium,2015
Brazil,BR,541696720.7585081,735334816.0046225,0.7366667658982474,aluminium,2015
Canada,CA,523938618.2904965,537909967.5439013,0.974026602784109,aluminium,2015
China,CN,30788199501.864464,30993501000.613922,0.9933759823149572,aluminium,2015
Egypt,EG,207713356.30067873,225455437.32380807,0.9213055970894707,aluminium,2015
France,FR,303359208.91902435,634882442.6949584,0.47781949620676334,aluminium,2015
Germany,DE,486705146.99351805,2587181422.964046,0.18812176937940303,aluminium,2015
Ghana,GH,4629633.422558563,4664928.099192285,0.9924340363059758,aluminium,2015
Greece,GR,114979813.74967524,234740002.07701582,0.4898177248543754,aluminium,2015
Iceland,IS,65061920.18619405,65158477.54553489,0.9985181151712245,aluminium,2015
India,IN,1673868013.0153058,1875690585.7675946,0.8924009246068182,aluminium,2015
Indonesia,ID,146899171.40658823,373598301.26811564,0.39320085478966066,aluminium,2015
Iran,IR,276347885.4353737,289517276.72168976,0.9545125892470464,aluminium,2015
Kazakhstan,KZ,70049592.1986642,70856305.51341683,0.9886147985150049,aluminium,2015
Malaysia,MY,183375267.52405128,430885923.9996562,0.42557729856173626,aluminium,2015
Montenegro,ME,1275446.7307410317,1366853.4806215172,0.9331261534784824,aluminium,2015
Netherlands,NL,15518393.574178407,1298566278.734841,0.011950405480494664,aluminium,2015
New Zealand,NZ,31726738.822166946,32278760.41955042,0.9828983024686063,aluminium,2015
Norway,NO,137986068.6606858,143233659.73679104,0.9633634224961625,aluminium,2015
Oman,OM,8653107.061986847,9174205.887655253,0.9431995714888421,aluminium,2015
Qatar,QA,273396427.33701706,274307945.0987842,0.9966770274866122,aluminium,2015
Romania,RO,189784098.42446616,238647812.65882862,0.7952475922994605,aluminium,2015
Saudi Arabia,SA,83113505.84116334,83950634.23246689,0.9900283255873271,aluminium,2015
Slovakia,SK,79440262.65795612,99536376.89142022,0.7981028156632017,aluminium,2015
Slovenia,SI,47014633.6156997,105282197.67036171,0.44655824684532514,aluminium,2015
South Africa,ZA,177649019.49904394,186764051.0302436,0.9511949356371392,aluminium,2015
Spain,ES,184468624.53751147,376812936.5105662,0.48954960582235424,aluminium,2015
Sweden,SE,52634139.19750795,97416469.62288553,0.5403002120818274,aluminium,2015
Tajikistan,TJ,893411.643673752,893800.7065039631,0.9995647096412209,aluminium,2015
Turkey,TR,44282022.466738425,1189471563.1996472,0.03722831536015956,aluminium,2015
United Arab Emirates,AE,147419493.69216827,148742251.4945981,0.9911070473309471,aluminium,2015
USA,US,1463107887.3469558,4425463970.81886,0.330611184950226,aluminium,2015
Venezuela,VE,26964288.79438882,28000671.296427827,0.962987226589413,aluminium,2015
Australia,AU,5640349945.539853,5642518645.763952,0.9996156503220902,alumina,2015
Bosnia Herzegovina,BA,119801592.1077309,191366647.26378998,0.6260317240265488,alumina,2015
Brazil,BR,1760262736.6820862,1763584441.120984,0.9981165038875108,alumina,2015
Canada,CA,1552504198.8698418,5755216464.65539,0.26975600455765003,alumina,2015
China,CN,58630735118.78992,63213628513.1723,0.9275014976647415,alumina,2015
France,FR,224158892.153026,825631223.9037179,0.2715000180021857,alumina,2015
Germany,DE,1673817873.7019572,1876635207.670272,0.8919250085795309,alumina,2015
Greece,GR,460841473.3782614,461363698.3720352,0.9988680839094698,alumina,2015
India,IN,4327332460.083486,4996503822.232404,0.8660720804072283,alumina,2015
Indonesia,ID,67710464.77751397,563532875.6220987,0.12015353088808992,alumina,2015
Iran,IR,240999842.02420735,503410695.85030407,0.4787340515622892,alumina,2015
Ireland,IE,148222852.47133434,148251875.10604677,0.9998042342824219,alumina,2015
Japan,JP,26554.81422054974,172419.18372923302,0.15401310716243388,alumina,2015
Kazakhstan,KZ,439791560.940194,440019457.6018315,0.9994820759452785,alumina,2015
Romania,RO,387420999.8369735,390030900.72823703,0.9933084766196972,alumina,2015
Russian Federation,RU,2564718013.9330797,6969727520.292381,0.36797966727765125,alumina,2015
Saudi Arabia,SA,845914886.4647644,1415974394.5481584,0.5974083215923536,alumina,2015
Spain,ES,964264837.5542207,980201033.3626047,0.9837419108264817,alumina,2015
Suriname,SR,48309926.891155474,48310037.91608264,0.9999977018248803,alumina,2015
Turkey,TR,283856382.7934661,300676338.84855694,0.944059595379194,alumina,2015
Ukraine,UA,14656833.340107262,14666054.307829611,0.9993712714047822,alumina,2015
USA,US,2949757142.983724,3919513685.534836,0.752582432323161,alumina,2015
Venezuela,VE,268707300.3271314,269804753.39517784,0.9959324175936995,alumina,2015
Viet Nam,VN,9410407.311317641,9620451.393226061,0.9781669203114195,alumina,2015
Argentina,AR,122167068.58154558,125590783.11762437,0.9727391258252427,aluminium,2016
Australia,AU,257757587.68448758,266741267.43930274,0.9663206228227906,aluminium,2016
Bahrain,BH,533032921.4582568,548307646.7360911,0.9721420531543556,aluminium,2016
Bosnia Herzegovina,BA,19019243.317937456,21512217.95436355,0.8841135469287853,aluminium,2016
Brazil,BR,495488562.9151118,572235701.4605243,0.865881946286242,aluminium,2016
Canada,CA,565781860.9744115,577196946.7632339,0.9802232394803279,aluminium,2016
China,CN,31356973826.622875,31558519409.9395,0.993613591921136,aluminium,2016
Egypt,EG,193755647.00188193,207967936.94302547,0.9316611485883176,aluminium,2016
France,FR,296881757.26708347,586485661.7047796,0.5062046298013768,aluminium,2016
Germany,DE,477507866.3484828,2440633393.578483,0.1956491571429151,aluminium,2016
Ghana,GH,2510669.856635559,2518744.1417505005,0.9967943210343985,aluminium,2016
Greece,GR,124495181.95179847,284629348.2837426,0.4373940449306413,aluminium,2016
Iceland,IS,159603652.66823876,159708542.31912956,0.9993432433270776,aluminium,2016
India,IN,1893238058.0561194,2175133899.8404007,0.8704006949618296,aluminium,2016
Indonesia,ID,222419658.87656012,482652669.02077585,0.4608275746776944,aluminium,2016
Iran,IR,251916874.0725512,255152731.64911616,0.9873179583238212,aluminium,2016
Kazakhstan,KZ,22826709.722270567,23136370.202818044,0.9866158572916611,aluminium,2016
Malaysia,MY,252403795.3348206,458568062.2448052,0.5504173014126649,aluminium,2016
Montenegro,ME,16986993.37634794,30781616.815996308,0.5518551373662833,aluminium,2016
Mozambique,MZ,40742130.99184884,40833460.61704856,0.9977633630894955,aluminium,2016
Netherlands,NL,21753212.34541206,697430817.3496302,0.031190494891060887,aluminium,2016
New Zealand,NZ,38956129.04186236,39825711.26390084,0.9781653059181722,aluminium,2016
Norway,NO,60766308.70503403,65278725.56959709,0.9308746176462632,aluminium,2016
Oman,OM,19805085.441178065,21230906.61077559,0.9328421910690399,aluminium,2016
Qatar,QA,20617019.923292395,20700061.362677783,0.9959883481536382,aluminium,2016
Romania,RO,231106978.32495886,269056429.2823642,0.8589535620515544,aluminium,2016
Russian Federation,RU,359232638.41766113,365045876.12049264,0.984075322902942,aluminium,2016
Saudi Arabia,SA,220455030.5015608,229981502.44646573,0.9585772253700167,aluminium,2016
Slovakia,SK,132486341.86194517,172396318.80549878,0.768498670852822,aluminium,2016
Slovenia,SI,42285232.7816432,103587632.82808702,0.40820734702779954,aluminium,2016
South Africa,ZA,261529553.61165398,277330479.8082642,0.943024920277301,aluminium,2016
Spain,ES,231616996.0197061,549594954.886388,0.42143217284006157,aluminium,2016
Sweden,SE,45145479.89283611,80675807.91983132,0.5595912957908994,aluminium,2016
Turkey,TR,76854636.61951634,1075623437.3039756,0.07145124767097921,aluminium,2016
United Arab Emirates,AE,11264024.81857409,11366631.777418133,0.9909729671152108,aluminium,2016
United Kingdom,GB,5785047.521792653,39596871.3145615,0.14609860147372902,aluminium,2016
USA,US,756434781.2754595,4665024908.038165,0.16215021273992972,aluminium,2016
Venezuela,VE,22297984.596618608,22744562.66193757,0.9803655022100601,aluminium,2016
Bosnia Herzegovina,BA,146746962.00616544,248060170.99127245,0.5915780893794855,alumina,2016
Brazil,BR,2209656918.291636,2213075430.685454,0.9984553113976964,alumina,2016
Canada,CA,1555939261.8465884,6159881766.927185,0.2525923906852449,alumina,2016
China,CN,60800115634.07595,62060993810.46309,0.9796832422594147,alumina,2016
France,FR,213588477.84662235,776942330.0889083,0.27490904997051796,alumina,2016
Germany,DE,1579371956.735693,1653265245.2621205,0.9553046380559993,alumina,2016
Greece,GR,487478629.9461489,487900323.2118413,0.9991356979169097,alumina,2016
India,IN,4657916863.03702,4821855796.068545,0.9660008635751423,alumina,2016
Indonesia,ID,221034565.69630614,245532612.6755009,0.9002248755786602,alumina,2016
Iran,IR,249987333.43034792,493409031.9894891,0.5066533387570281,alumina,2016
Ireland,IE,27117156.2627151,27122120.33367454,0.9998169733450643,alumina,2016
Japan,JP,45395203.99469073,104026271.98798071,0.43638210931884336,alumina,2016
Kazakhstan,KZ,466625793.01066464,466868118.1459355,0.9994809559148455,alumina,2016
Romania,RO,453147017.8537892,455248275.27904725,0.9953843703768673,alumina,2016
Russian Federation,RU,2594630646.0641837,7069041309.299392,0.3670413755611984,alumina,2016
Saudi Arabia,SA,1428061322.969675,1437296600.3689635,0.99357455002891,alumina,2016
Spain,ES,979390944.7180078,998564448.2851069,0.9807989323072468,alumina,2016
Turkey,TR,278752769.66437584,320522562.1789961,0.8696822082331481,alumina,2016
Ukraine,UA,17927287.715008967,17944548.05549833,0.9990381289940553,alumina,2016
USA,US,1470380270.064283,2071844119.2888582,0.7096963793632205,alumina,2016
Venezuela,VE,478853876.2955199,479346544.1199971,0.9989722094995351,alumina,2016
Viet Nam,VN,45867605.06157001,46895440.67797986,0.9780823977437859,alumina,2016
Argentina,AR,79613136.32974012,80749986.64908254,0.9859213559466844,aluminium,2017
Australia,AU,188860744.4808971,195270632.93616912,0.9671743346201612,aluminium,2017
Azerbaijan,AZ,5365823.4545833,5598061.579429093,0.9585145462316481,aluminium,2017
Bahrain,BH,562034049.2349049,599338727.5618442,0.9377569367514467,aluminium,2017
Bosnia Herzegovina,BA,16926034.559701174,22459254.41812743,0.7536329677106176,aluminium,2017
Brazil,BR,637620697.9351345,838378411.190155,0.7605404545543741,aluminium,2017
Canada,CA,414458865.60818243,423380374.8315223,0.9789279103291219,aluminium,2017
China,CN,32092064446.671803,32247073457.518536,0.9951930828373949,aluminium,2017
Egypt,EG,190741324.67510575,208684317.155129,0.9140184910652149,aluminium,2017
France,FR,286701352.9338115,559590598.4013615,0.5123412611878397,aluminium,2017
Germany,DE,477735423.996451,2182798427.7128615,0.2188637383695675,aluminium,2017
Greece,GR,124667497.4503205,306740528.05900925,0.40642655940899197,aluminium,2017
Iceland,IS,117368398.78999984,117421166.70016313,0.9995506098972937,aluminium,2017
India,IN,2126726361.7297752,2340530306.34274,0.9086514949054216,aluminium,2017
Indonesia,ID,222920776.56963533,565911633.9557999,0.39391446154126314,aluminium,2017
Iran,IR,206272152.4821494,210193599.21961266,0.9813436434219575,aluminium,2017
Malaysia,MY,109479364.20660065,196047808.2359455,0.5584319722403688,aluminium,2017
Montenegro,ME,620663.5201492469,621234.8578451456,0.9990803193209723,aluminium,2017
Mozambique,MZ,86108819.58465025,86198414.68529433,0.9989605945657911,aluminium,2017
Netherlands,NL,25113502.325433154,850891667.2736957,0.029514335715495034,aluminium,2017
New Zealand,NZ,55042273.40952819,56743175.42609783,0.970024553546798,aluminium,2017
Oman,OM,72951883.554042,87371965.53649926,0.8349575645470246,aluminium,2017
Qatar,QA,22801847.0510032,22855904.553338014,0.9976348561393112,aluminium,2017
Romania,RO,232050045.45153117,272122626.31636643,0.8527407242562499,aluminium,2017
Russian Federation,RU,466221588.85920686,472751088.065656,0.9861882936469469,aluminium,2017
Saudi Arabia,SA,255000606.1506555,280585493.92390734,0.9088160709398959,aluminium,2017
Slovakia,SK,105994218.03277472,142254056.2280351,0.7451050665498397,aluminium,2017
Slovenia,SI,45013936.7675886,142264542.46418494,0.31641009058122016,aluminium,2017
South Africa,ZA,192831108.10748056,198683870.07519564,0.9705423396197185,aluminium,2017
Spain,ES,264541011.29943946,598044595.4499605,0.44234328562137154,aluminium,2017
Sweden,SE,36189622.316113725,63468011.405327596,0.5702025558197324,aluminium,2017
Tajikistan,TJ,32064783.0,32064783.0,1.0,aluminium,2017
Turkey,TR,77257841.88261871,1125607370.4685965,0.06863658137779949,aluminium,2017
United Kingdom,GB,5043267.60532277,32193763.33277817,0.1566535590509219,aluminium,2017
USA,US,688070479.6021856,5149369929.445773,0.13362226622476173,aluminium,2017
Venezuela,VE,48581755.10239558,49678246.62543569,0.9779281356021391,aluminium,2017
Australia,AU,673493043.6975679,673674206.562101,0.9997310823796304,alumina,2017
Brazil,BR,2003014074.8116999,2005337451.9967353,0.998841403384392,alumina,2017
Canada,CA,1557349469.751786,6252094159.41223,0.24909245287153436,alumina,2017
China,CN,68802783580.90228,71495129055.48145,0.9623422530996503,alumina,2017
India,IN,4762001432.518649,5134896529.6525755,0.927380212048955,alumina,2017
Indonesia,ID,341003315.3683955,342674345.97799563,0.9951235608115601,alumina,2017
Jamaica,JM,85774293.80524921,85774328.65849012,0.9999995936634952,alumina,2017
Russian Federation,RU,2746657007.4708776,4228758889.198607,0.6495184708890785,alumina,2017
USA,US,1182713446.5867965,2088461791.0973642,0.5663083957908323,alumina,2017
